id,First Name,Last Name,Email,Phone Number
100,Steffane,Naashom,Steffane.Naashom@yopmail.com,b3e4224e-8d76-4fe0-a974-7b51262e24d5
101,Jennica,Judye,Jennica.Judye@yopmail.com,96b1f86d-a2fb-4f49-8a9a-431cfc8d5acc
102,Inga,Fiester,Inga.Fiester@yopmail.com,a4aab145-7679-455a-8515-87725fc592a0
103,Monika,Matthew,Monika.Matthew@yopmail.com,a9dd23ba-f6de-4b9d-844e-5326e0256be4
104,Alia,Kauppi,Alia.Kauppi@yopmail.com,d2672fb9-6e50-4354-b8f2-4d1062f00878
105,Jacquetta,Secrest,Jacquetta.Secrest@yopmail.com,94db635d-46d3-405f-93a9-78451a5c4a4b
106,Sabina,Wind,Sabina.Wind@yopmail.com,94f3c1d0-91aa-49df-b167-70386d5728c0
107,Rosanne,Donoghue,Rosanne.Donoghue@yopmail.com,18e036fc-f2d8-4976-96df-48228c7a2f03
108,Brooks,Corilla,Brooks.Corilla@yopmail.com,bd10a9f0-ecc9-43e3-b47b-a803655e95a2
109,Sharai,Tjon,Sharai.Tjon@yopmail.com,018815fd-1d3e-4465-88d4-e29c2da80f83
110,Bertine,Payson,Bertine.Payson@yopmail.com,1f4dba74-148e-44f8-b380-b6893e730572
111,Kristan,Johnsson,Kristan.Johnsson@yopmail.com,093de712-dbb1-48e0-9616-6df749ce2ff4
112,Helsa,Peg,Helsa.Peg@yopmail.com,2767d4c7-dc1c-4a55-9caa-868ed61cc83f
113,Roslyn,Ardra,Roslyn.Ardra@yopmail.com,33e3e976-6240-4c32-a4a0-eefd0d81bd4a
114,Brena,Corrine,Brena.Corrine@yopmail.com,74b29f2c-db79-446e-9643-3ac6f1397d95
115,Lesly,Miru,Lesly.Miru@yopmail.com,7171794c-3419-47b1-bb26-09630814e6bf
116,Jemie,Felecia,Jemie.Felecia@yopmail.com,c8129c88-6c98-448f-bffd-ec0f162b6648
117,Vevay,Randene,Vevay.Randene@yopmail.com,cd1a081e-5563-4aa5-b818-43fcaa998e83
118,Ivett,Valoniah,Ivett.Valoniah@yopmail.com,99a14c5d-b9f6-4aba-ad03-c29cc54a455e
119,Esmeralda,Couture,Esmeralda.Couture@yopmail.com,ef0fa967-ccb7-4296-8a69-4bb01723a401
120,Oona,Hepsibah,Oona.Hepsibah@yopmail.com,9e7bcac5-1c47-462b-a600-ce21a9b83af4
121,Tobe,Briney,Tobe.Briney@yopmail.com,2f640d83-277d-4110-b327-adc56fe34ed8
122,Wynne,Land,Wynne.Land@yopmail.com,75b53c20-7c15-42e2-923f-17000881eb33
123,Cecile,Rebecka,Cecile.Rebecka@yopmail.com,86f8839a-f39f-445f-b1ee-2912da32c3b6
124,Gilligan,Flita,Gilligan.Flita@yopmail.com,4bba412f-5f74-4070-ba96-09d9b8d0b12c
125,Melina,Estella,Melina.Estella@yopmail.com,612ec23f-9e1e-405d-9595-a91d4682f14a
126,Nikki,Alarise,Nikki.Alarise@yopmail.com,939faf05-da1c-4c26-b6ab-fa5958ce8c5a
127,Amara,Ephrem,Amara.Ephrem@yopmail.com,5acb4fd0-1bd3-4c93-bda2-93a1641df0da
128,Daphne,Maisey,Daphne.Maisey@yopmail.com,b8676c57-ace3-46aa-bda8-56a8ca559883
129,Belva,Dearborn,Belva.Dearborn@yopmail.com,823bc544-06e8-4db0-af82-e2c5809c16d2
130,Kristan,Fleeta,Kristan.Fleeta@yopmail.com,21b0c28a-b375-4b77-8470-24a732853ddd
131,Tera,Telfer,Tera.Telfer@yopmail.com,06c92127-119e-4a1b-bde4-32a45df38864
132,Jennica,Mitzi,Jennica.Mitzi@yopmail.com,0ecd57ce-0e5b-468b-8b6c-01d4442470fc
133,Christal,Stoller,Christal.Stoller@yopmail.com,1084cec8-df9d-4a3e-8765-2c8334ed7978
134,Pamella,Kamaria,Pamella.Kamaria@yopmail.com,d1453a45-a7f2-4743-a8c0-5f09a44c1c24
135,Giustina,Arvo,Giustina.Arvo@yopmail.com,79b60ef3-bf3b-45f0-aeec-20ff60d891c4
136,Kirbee,Solitta,Kirbee.Solitta@yopmail.com,bf29b9c5-63d4-4dac-bd68-9ad72bae736b
137,Celene,Olympium,Celene.Olympium@yopmail.com,ddbf069a-3351-4473-81f0-6927f8abbcc0
138,Evita,Cadmar,Evita.Cadmar@yopmail.com,554c4f1e-b6fb-444c-8e04-05bfa7471a27
139,Cyndie,Munn,Cyndie.Munn@yopmail.com,65772b9e-a843-4242-a516-b0489dce4727
140,Kristina,Zaslow,Kristina.Zaslow@yopmail.com,d57f32b2-ed16-48ff-a4c8-238b91afa5e8
141,Hallie,Harriman,Hallie.Harriman@yopmail.com,0c6bae34-0dda-4bbd-b8ab-e5493f5a8ec4
142,Farrah,Lorenz,Farrah.Lorenz@yopmail.com,d8883419-095c-4d90-9a96-406db7b0510c
143,Nickie,Amand,Nickie.Amand@yopmail.com,89f1eb57-a51e-49b3-b6d3-7b9b922c12f9
144,Lonnie,Berne,Lonnie.Berne@yopmail.com,81e890e2-a53f-4e8b-8989-ac2864097bed
145,Madelle,Ricarda,Madelle.Ricarda@yopmail.com,44a96cff-28cc-4f52-9ef9-8fdc3e4cf3be
146,Shauna,Rosalba,Shauna.Rosalba@yopmail.com,893f646a-e8a1-40e7-a91b-85d071712710
147,Dione,Cyrie,Dione.Cyrie@yopmail.com,09eb12fc-f5b6-4543-9f9f-e8d26521e69d
148,Dorthy,Hertzfeld,Dorthy.Hertzfeld@yopmail.com,243a0d8f-aff3-45fb-883d-7875f904557e
149,Celene,Faro,Celene.Faro@yopmail.com,c6248479-9da6-4591-8214-8de8c4bbac91
150,Dulcinea,Margret,Dulcinea.Margret@yopmail.com,3c2a235b-ded2-471d-9129-d5444d9614a7
151,Blake,Brotherson,Blake.Brotherson@yopmail.com,18ee4973-de3f-4948-8a00-f9e8da9dff09
152,Jere,An,Jere.An@yopmail.com,1acad015-7391-41c9-82fa-d2e02732230e
153,Merry,Roxanna,Merry.Roxanna@yopmail.com,9aa992fa-cf15-40c6-9761-707865a9efed
154,Edyth,Bobbee,Edyth.Bobbee@yopmail.com,d53089bb-95b6-4391-8188-eb9a7e4d228c
155,Leontine,Jenness,Leontine.Jenness@yopmail.com,cb2ccf8c-ae30-43fb-803e-125477e0b6be
156,Lolita,Deegan,Lolita.Deegan@yopmail.com,8e33dc38-1ffb-4fe4-9b47-c1fb80b081a3
157,Ardeen,Eben,Ardeen.Eben@yopmail.com,e0fa3486-67a8-486e-aabd-5fa3ccc8dc0f
158,Livvyy,Old,Livvyy.Old@yopmail.com,5522e803-ff9e-4242-bbe0-065dd9d6958b
159,Minne,Yate,Minne.Yate@yopmail.com,70339820-7f66-473e-8fda-53b757fc7e04
160,Trudie,Kalinda,Trudie.Kalinda@yopmail.com,284ba2ce-3539-4b71-9218-f1a6b84426d8
161,Judy,Yam,Judy.Yam@yopmail.com,8cb4e147-9caa-4035-b239-9f98ebe85839
162,Millie,Grobe,Millie.Grobe@yopmail.com,8ce21023-73ed-4a30-8245-acb7a193ebd2
163,Paola,Hoenack,Paola.Hoenack@yopmail.com,e62747f2-9b6c-4876-93ec-f78b942696b0
164,Caressa,Rogerio,Caressa.Rogerio@yopmail.com,408aafc1-d543-4fd9-99b9-c4b16aeaa49d
165,Halette,Raseda,Halette.Raseda@yopmail.com,890de2ff-4329-457e-8826-58128220ece3
166,Correy,Camden,Correy.Camden@yopmail.com,af97cc9b-1136-4e3b-910c-534e72451209
167,Alexine,Sawtelle,Alexine.Sawtelle@yopmail.com,00166153-fd01-427a-a538-5300999f3da0
168,Arabel,Papageno,Arabel.Papageno@yopmail.com,30c262c0-e8f0-4c6b-ae1b-04e30fc13355
169,Lacie,Radu,Lacie.Radu@yopmail.com,55c83f82-48de-40e8-bae7-3efff7127208
170,Sue,Mendez,Sue.Mendez@yopmail.com,a903462c-0abc-4a8d-8740-5f8e242ff3a0
171,Marinna,Capello,Marinna.Capello@yopmail.com,51feb83b-6c7e-47af-804d-75def131c5ae
172,Chastity,Randene,Chastity.Randene@yopmail.com,101566dc-9e4e-4cd0-8488-6f4258cc9b6c
173,Kristan,Kare,Kristan.Kare@yopmail.com,4317baf5-5abe-41d2-8bb5-ded85a794831
174,Odessa,Orpah,Odessa.Orpah@yopmail.com,7f277ec2-368c-4de9-92d6-e038df8430fa
175,Heddie,Evvie,Heddie.Evvie@yopmail.com,669e21be-06d7-445f-8748-31fd9fbdd61f
176,Fina,Roarke,Fina.Roarke@yopmail.com,f83d25dc-3141-4d41-9333-a83c99e9e9da
177,Teddie,Yuille,Teddie.Yuille@yopmail.com,2932a934-d113-4e24-9e1a-d97af3394969
178,Allyce,Louanna,Allyce.Louanna@yopmail.com,9b771948-3714-424b-840d-982dd4557498
179,Dede,An,Dede.An@yopmail.com,d078a49f-b4b0-4383-ab68-2232cc008f7f
180,Cherrita,Urias,Cherrita.Urias@yopmail.com,782cf8f3-2f65-4a41-8b8a-459c699ce9d3
181,Olivette,Bebe,Olivette.Bebe@yopmail.com,855b52b4-e499-44b0-87f5-a78574b96d99
182,Marcelline,Melleta,Marcelline.Melleta@yopmail.com,c3a82afb-aa88-4b99-966e-a63a5e0f748e
183,Marita,Waite,Marita.Waite@yopmail.com,b7112939-783b-410a-8c2d-d7fa215c8a5f
184,Giustina,Virgin,Giustina.Virgin@yopmail.com,9f1b8546-3194-4e4a-af77-c49072de29be
185,Lucille,Fillbert,Lucille.Fillbert@yopmail.com,34e67b5b-5b7c-4dab-a582-ab7ec30617bd
186,Alexine,Capello,Alexine.Capello@yopmail.com,c0d8b0bf-de30-42d7-a788-564db00437fa
187,Oralee,Fax,Oralee.Fax@yopmail.com,2e9d326e-99f8-4f64-9118-33ffa63973a7
188,Elie,Trinetta,Elie.Trinetta@yopmail.com,8fcdf9bf-97ab-4436-be8c-056bde2e0a28
189,Renie,Thornburg,Renie.Thornburg@yopmail.com,3977c6fc-fcf9-4f57-ae87-d02a18c4afcf
190,Meriel,Stevy,Meriel.Stevy@yopmail.com,ad47f4f6-4267-41ff-8cbd-9d0bca85f084
191,Minda,Hepsibah,Minda.Hepsibah@yopmail.com,79a4c481-e06b-4aaf-b482-482183920204
192,Lanae,Phi,Lanae.Phi@yopmail.com,8f476d45-a31f-499c-87ab-04e45ab227a2
193,Vinita,Fiann,Vinita.Fiann@yopmail.com,3df7087c-4253-4bc7-99a9-9bebbe0a0a89
194,Rani,Goode,Rani.Goode@yopmail.com,6bd004db-22d1-46e5-86f7-a7c1d4d7b45e
195,Tabbatha,Vary,Tabbatha.Vary@yopmail.com,51b52652-f694-4d57-8fad-0d8fd3f9253c
196,Sandie,Lauraine,Sandie.Lauraine@yopmail.com,934324e2-039e-43ab-86cf-980ff90b7e46
197,Candi,Merna,Candi.Merna@yopmail.com,55c9e994-9609-46e3-925f-8fc12805e1ca
198,Gratia,Kevon,Gratia.Kevon@yopmail.com,bc8bdd11-d2dc-4538-9775-6ec26f5c191c
199,Jemie,Mintz,Jemie.Mintz@yopmail.com,754b993e-829f-4191-b04e-cda0e5cab145
200,Mathilda,Lorenz,Mathilda.Lorenz@yopmail.com,53440f3a-1423-4800-8e19-62db9b382edc
201,Claudina,Koehler,Claudina.Koehler@yopmail.com,1ed18f64-6a1a-4a5f-9844-99898d7ffc45
202,Janey,Braun,Janey.Braun@yopmail.com,8e427a2b-a0d5-4cf9-b1a7-46a8a4e99161
203,Hettie,Quinn,Hettie.Quinn@yopmail.com,9743194b-09a0-4292-91e7-56ac261e8637
204,Madelle,Fancie,Madelle.Fancie@yopmail.com,8c14f354-4985-40e7-bb08-1c8a8cc61ec8
205,Elora,Ehrman,Elora.Ehrman@yopmail.com,c7981e25-be32-4eda-a4a7-a488988c9cd6
206,Flo,Franza,Flo.Franza@yopmail.com,bd3a76f3-d347-4532-8fc5-4185a717e577
207,Linet,Thornburg,Linet.Thornburg@yopmail.com,d990411a-8aa3-44eb-9bf7-8806f17be0e4
208,Vinita,Jerold,Vinita.Jerold@yopmail.com,900c7d1b-4afc-42fe-8b6e-5becf5f6daf7
209,Farrah,Carmena,Farrah.Carmena@yopmail.com,dfc784cc-4f8d-46b0-9cc9-757f7836f836
210,Maisey,Knowling,Maisey.Knowling@yopmail.com,71d6e00a-7e57-4039-ad1f-cbd0c0f40370
211,Kristina,Vittoria,Kristina.Vittoria@yopmail.com,2f57aa8b-6f15-4479-87af-848c76e2f609
212,Dawn,Colp,Dawn.Colp@yopmail.com,ee39280f-73b4-4b09-9321-358568e15f1e
213,Catharine,Zola,Catharine.Zola@yopmail.com,ac85135a-a620-46cf-8a05-ebb936b68e6d
214,Romona,Socha,Romona.Socha@yopmail.com,bb180563-357f-43af-a0bc-0e72700d1ab1
215,Netty,Alejoa,Netty.Alejoa@yopmail.com,f316569a-84b2-4082-998a-4167e0f92a09
216,Elie,Orlene,Elie.Orlene@yopmail.com,b3801b5b-ff55-4b4d-afd2-5586df06e0a6
217,Kaja,Nerita,Kaja.Nerita@yopmail.com,31271027-cce4-49e9-b4b7-4bf7712c652b
218,Georgina,Pitt,Georgina.Pitt@yopmail.com,5eea2775-8b7a-4dca-b0c2-05c5fd3b42e2
219,Shaylyn,Buckler,Shaylyn.Buckler@yopmail.com,9ba82432-afe9-47de-92e3-9ce54e6b4e0b
220,Marti,Dominy,Marti.Dominy@yopmail.com,193f4d91-aab3-4471-91f5-5cba10eff0ed
221,Charissa,Tryck,Charissa.Tryck@yopmail.com,5c600721-ba0e-4b65-9b95-8eb3c8376764
222,Molli,Joseph,Molli.Joseph@yopmail.com,e54d75b6-9b7c-4139-bccc-30474e3020e8
223,Viki,Gordon,Viki.Gordon@yopmail.com,38988ea3-e88c-4d7d-8bae-6ce6d4121b76
224,Ketti,Monk,Ketti.Monk@yopmail.com,85a03d47-88b4-459e-a6cc-226e0fefbdd7
225,Bettine,Bohlin,Bettine.Bohlin@yopmail.com,e9d9db57-407e-48df-a94c-c5deaa7c6274
226,Nariko,Slifka,Nariko.Slifka@yopmail.com,20c7ba60-10d5-4503-a235-28258003c78f
227,Dania,Letsou,Dania.Letsou@yopmail.com,071a88f6-7b61-40c5-a54a-b98255d9881e
228,Sibella,Brittani,Sibella.Brittani@yopmail.com,efcc36a3-17b1-48be-aca3-3b0798503901
229,Ardys,Carlson,Ardys.Carlson@yopmail.com,da948156-5c31-46c4-bab8-3812c8d7136d
230,Carmela,Colp,Carmela.Colp@yopmail.com,5abfb874-2e35-451d-a671-94cf4551f175
231,Almeta,Firmin,Almeta.Firmin@yopmail.com,55bbeeeb-5cbe-4912-b7a4-97c867ebd276
232,Ricky,Gladstone,Ricky.Gladstone@yopmail.com,2853305b-32c7-4f89-94e0-bee7e0750113
233,Ivett,Joni,Ivett.Joni@yopmail.com,e46577cb-c97c-4de8-9237-cd25c96099dd
234,Desirae,Chauncey,Desirae.Chauncey@yopmail.com,b3305cda-f9fd-46a1-8a15-ec657c1a9e76
235,Glynnis,Vacuva,Glynnis.Vacuva@yopmail.com,5be51532-badf-4926-a362-74ca6ce0996e
236,Adelle,Jaylene,Adelle.Jaylene@yopmail.com,fdb4b2a4-dd2c-4a65-957c-6f8c2c95bab0
237,Caressa,Thunell,Caressa.Thunell@yopmail.com,75c2287e-2612-460c-8119-636e27b4b977
238,Lanna,Chandler,Lanna.Chandler@yopmail.com,b1a74fea-fd80-4329-9dc9-feaf1cd566a5
239,Maye,Silvan,Maye.Silvan@yopmail.com,62b4cccc-1ba2-4408-90f5-20b8bf445918
240,Bernie,Dorcy,Bernie.Dorcy@yopmail.com,7ab0b62c-b622-419f-ae4b-de4ca79e87a9
241,Randa,Ilka,Randa.Ilka@yopmail.com,3241660d-4cd8-4daf-83fe-e4f15fde3653
242,Dorice,Plato,Dorice.Plato@yopmail.com,bddf64f4-bc6b-4812-8754-56d07e798c51
243,Agathe,Corrine,Agathe.Corrine@yopmail.com,dff92f0e-8e48-43b5-9525-a6a14b256e0b
244,Steffane,Kirstin,Steffane.Kirstin@yopmail.com,7b8eee63-bd89-4ced-b011-3b9edce46443
245,Babita,Malina,Babita.Malina@yopmail.com,d727fc6b-4efb-4d01-8c79-5fbab2bb567a
246,Marcelline,Marijo,Marcelline.Marijo@yopmail.com,f6f6f279-de79-40f0-aa3d-fe1e26be99bf
247,Amalie,Diogenes,Amalie.Diogenes@yopmail.com,74913ad3-3d74-4a40-bc30-57d8d1c72d15
248,Edith,Gusella,Edith.Gusella@yopmail.com,cce90078-4d2b-4ab0-89fd-65109a58186a
249,Micheline,Kendrick,Micheline.Kendrick@yopmail.com,7e31aa01-3e28-4ca7-8d59-7e0b99021523
250,Brianna,Janene,Brianna.Janene@yopmail.com,0e8738f6-5d21-4c6c-801b-dc0ebde96cee
251,Judy,Vins,Judy.Vins@yopmail.com,69da7203-4d7d-4016-bbf0-490445255eee
252,Minne,Blisse,Minne.Blisse@yopmail.com,20dac283-eff4-4037-a9a4-f142d81cf6ac
253,Valeda,Chrystel,Valeda.Chrystel@yopmail.com,a7ed9b3e-6b07-4eb9-be55-0c21153a30ef
254,Kenna,Terencio,Kenna.Terencio@yopmail.com,d0bbf523-b257-46b7-ac40-612ad4c8dfc3
255,Paule,Sperling,Paule.Sperling@yopmail.com,c5c240ab-8ec0-41b4-a10d-9cffb658da70
256,Jacenta,Stanwood,Jacenta.Stanwood@yopmail.com,813d9f43-0c3b-4ccb-8e16-6359bc956955
257,Patricia,Weaks,Patricia.Weaks@yopmail.com,2aea13d6-d2b9-4ca2-a59d-275763064c65
258,Therine,Alwin,Therine.Alwin@yopmail.com,421d717a-bd7d-458f-b5c2-49514ad09744
259,Evaleen,Moseley,Evaleen.Moseley@yopmail.com,d736db8b-bdd0-4bc7-ae2b-5b0f477fa1e4
260,Felice,Lytton,Felice.Lytton@yopmail.com,97296594-4aec-4c37-b7ff-a47384badc19
261,Randa,Kare,Randa.Kare@yopmail.com,fe2bb9c7-dda3-4812-bd18-1c2bb81bdc2b
262,Karina,Thilda,Karina.Thilda@yopmail.com,0c2287a7-263d-4408-98f0-29d69a7ac295
263,Henriette,Zrike,Henriette.Zrike@yopmail.com,51a44f33-fa37-44e0-816c-914e38d17dfb
264,Trixi,Dermott,Trixi.Dermott@yopmail.com,ad438e2d-055e-42e2-a431-0fc88cd76082
265,Hermione,Primalia,Hermione.Primalia@yopmail.com,df0bf7a7-53c3-4f0d-9f4a-559a13b234ae
266,Shauna,Jary,Shauna.Jary@yopmail.com,48a1adb4-91f3-4bf0-b13f-63afe670d05d
267,Glenda,Pitt,Glenda.Pitt@yopmail.com,2038c55f-1c28-49ce-b6c2-db93ae455dd5
268,Brianna,Nunci,Brianna.Nunci@yopmail.com,85037623-0b99-4d63-9d15-4df46c3b4aad
269,Dorice,Barbey,Dorice.Barbey@yopmail.com,a3428111-ff9b-4e06-b1be-9b7b622e2173
270,Gabriellia,Holbrook,Gabriellia.Holbrook@yopmail.com,4a5bd063-2826-4e0c-88b4-cfa524ff5c1d
271,Kelly,Love,Kelly.Love@yopmail.com,1d3bf3fd-809b-42d5-9ba1-7d83d29d71b9
272,Rosabelle,Rese,Rosabelle.Rese@yopmail.com,eb24aaae-a098-4767-a1ea-35b9c608db2b
273,Amara,Malina,Amara.Malina@yopmail.com,8d902a30-fad6-47b9-bc70-ec0340771548
274,Jobi,Tengdin,Jobi.Tengdin@yopmail.com,de0dd2b9-ec65-4c9a-a864-0b63bfc15ce9
275,Kristan,Goddard,Kristan.Goddard@yopmail.com,232918f2-be25-4ac6-8486-47af43bba42f
276,Brianna,Birdella,Brianna.Birdella@yopmail.com,bcef4f39-f35f-472a-9232-91840cbbf955
277,Lonnie,Etom,Lonnie.Etom@yopmail.com,c84b4130-f820-48d6-afa3-9f5ed76d87b0
278,Gianina,Tybald,Gianina.Tybald@yopmail.com,9824c0b1-6e8d-45b3-b21d-5afe87ad8f17
279,Shannah,Lory,Shannah.Lory@yopmail.com,7a43f0b3-8bab-430e-833a-1ef68d3bb5e4
280,Norine,Maples,Norine.Maples@yopmail.com,76cf9a21-0627-489f-b23a-b70bf9844560
281,Andeee,Ardra,Andeee.Ardra@yopmail.com,192c0837-6917-4d03-8bd9-6c5bbbaab53f
282,Nataline,Redmond,Nataline.Redmond@yopmail.com,05cea1a8-dcad-46c4-ba13-9f27a18e0f23
283,Layla,Ivens,Layla.Ivens@yopmail.com,b70f34ad-d5b2-43a8-a8eb-002cf2c2838c
284,Diena,Deegan,Diena.Deegan@yopmail.com,cdf57d75-820e-44ea-8879-f6eac02a37db
285,Joane,Dalli,Joane.Dalli@yopmail.com,733afb44-4e8c-4210-a7e1-24acc8d7d787
286,Ronna,Jena,Ronna.Jena@yopmail.com,b90c418d-c421-4a77-8600-e2e214141d33
287,Harmonia,Bashemeth,Harmonia.Bashemeth@yopmail.com,1d35da3a-c7be-4b93-bca9-26a83a41df05
288,Pearline,Hewitt,Pearline.Hewitt@yopmail.com,a317a3b1-aba1-477b-abd4-4305dc4cfa4e
289,Lucille,Rolf,Lucille.Rolf@yopmail.com,e8663f6c-6023-44b4-93a1-69dcaa3238e9
290,Bernardine,Maroney,Bernardine.Maroney@yopmail.com,e4531dca-2381-4259-8692-b2b0037eaee7
291,Mary,Bertold,Mary.Bertold@yopmail.com,1e9f0876-827b-448c-9d61-5c53fc5b9885
292,Allyce,Juan,Allyce.Juan@yopmail.com,25e6a428-32cf-44cf-aacb-d18a8e411d3b
293,Shaylyn,Annice,Shaylyn.Annice@yopmail.com,15b6b04f-2bab-4939-8dda-32d0c359a6b1
294,Annora,Kinnard,Annora.Kinnard@yopmail.com,44510ca6-59cd-4b59-8733-a087d3d662a7
295,Tatiania,Callista,Tatiania.Callista@yopmail.com,1d251917-79f9-4f53-acc7-ca68b558c477
296,Tobe,Marcellus,Tobe.Marcellus@yopmail.com,0c6a31ec-00cd-4b4c-93a3-0bd5a40c2032
297,Viki,Latini,Viki.Latini@yopmail.com,6100a39b-6627-4e59-8421-f88ddc6f7757
298,Concettina,Ietta,Concettina.Ietta@yopmail.com,e4279d14-9b7e-4396-93ab-1e6f2d6df1b1
299,Brena,Othilia,Brena.Othilia@yopmail.com,321681d4-8992-456d-a0bc-21b9edd263f3
300,Nataline,Carolin,Nataline.Carolin@yopmail.com,fb8858d6-8dc0-4b3c-9312-c65df8e8147a
301,Brandise,Gombach,Brandise.Gombach@yopmail.com,4682ebe6-9df7-4d6f-8a7e-4fa62e363da5
302,Ira,Strephon,Ira.Strephon@yopmail.com,06eec18f-8b61-4e4d-8621-f9ea606a6fe5
303,Nonnah,Kathie,Nonnah.Kathie@yopmail.com,a0a89261-fbe7-4a68-941b-4a9e14e2459d
304,Vivia,Dearborn,Vivia.Dearborn@yopmail.com,7ae0fda4-2d42-47f4-b19c-a95b7796ecf7
305,Harrietta,Riordan,Harrietta.Riordan@yopmail.com,e1eb1bb1-8849-4b04-80b4-2e8d853c994a
306,Bettine,Medrek,Bettine.Medrek@yopmail.com,6b5f1d80-8c2c-4526-ba9c-b77508affcb2
307,Viviene,Tjon,Viviene.Tjon@yopmail.com,7640618f-2306-4453-a33d-b2fe788a6104
308,Carree,Merat,Carree.Merat@yopmail.com,5411f909-30dd-4723-95f6-bce6e964def7
309,Gerrie,Liva,Gerrie.Liva@yopmail.com,eb135217-2a42-4176-af31-51e58dbbf73f
310,Tami,Remmer,Tami.Remmer@yopmail.com,455031b3-4ef4-4f99-aac1-e55a52ba7d21
311,Maye,Rebecka,Maye.Rebecka@yopmail.com,a5a57262-4c80-48c5-8235-7e07c234de4d
312,Corene,Maribeth,Corene.Maribeth@yopmail.com,f862314a-3f91-4f2b-8fb5-e5d43c74e2a0
313,Kenna,Calhoun,Kenna.Calhoun@yopmail.com,ea28a5cd-6600-4b24-8c51-abdb38d9211d
314,Modestia,Joeann,Modestia.Joeann@yopmail.com,4ad64121-6ae7-438e-b89b-1c83aeb6a94e
315,Kathy,Iphlgenia,Kathy.Iphlgenia@yopmail.com,ce956b57-ca15-4cb4-aa84-f0685cfd8a2a
316,Minne,Denis,Minne.Denis@yopmail.com,3175bdfb-adec-4834-9931-c5db9d2d89e2
317,Blinni,Ephrem,Blinni.Ephrem@yopmail.com,22a6ca88-dd38-49e6-9864-ff06a2460769
318,Harrietta,Land,Harrietta.Land@yopmail.com,e90ce50d-0a44-49b0-a92a-d5bc510713c0
319,Minne,Carleen,Minne.Carleen@yopmail.com,2ad9da79-0081-4ae1-9dfb-bf7e34be7421
320,Tori,Maurine,Tori.Maurine@yopmail.com,9368a394-6a86-46bc-92ae-05362ef2d212
321,Patricia,Artie,Patricia.Artie@yopmail.com,9a0a5624-ec48-41da-975a-1117f49b5c56
322,Elie,Damarra,Elie.Damarra@yopmail.com,79a45889-8978-4d69-82c3-39fbdeb2d454
323,Angela,Ietta,Angela.Ietta@yopmail.com,312aab5c-1ec9-4e36-bc79-7dc11c0b7c1c
324,Lacie,Wenoa,Lacie.Wenoa@yopmail.com,d218ca38-3dc8-4ebc-a31c-631bbe26bc98
325,Tera,Vernier,Tera.Vernier@yopmail.com,a52d6a7c-9b4a-4eae-a605-85d2123a86ff
326,Mallory,Keily,Mallory.Keily@yopmail.com,4baa6b6e-7cb2-4566-ba6e-d126e45839bd
327,Paola,Podvin,Paola.Podvin@yopmail.com,4042fcd1-eb3c-4a35-bed9-dd959c427e07
328,Pearline,Ummersen,Pearline.Ummersen@yopmail.com,d8777636-cfc4-4289-ac86-fb9a12794915
329,Esmeralda,Lilybelle,Esmeralda.Lilybelle@yopmail.com,63873690-2e6a-4ce7-8865-42b6f05b97ee
330,Roseline,Thornburg,Roseline.Thornburg@yopmail.com,dfb98dc9-4200-4d80-a11b-d80ab49620b6
331,Sadie,Ochs,Sadie.Ochs@yopmail.com,12450702-f116-4032-9719-c6cd2ace967a
332,Edyth,Rhu,Edyth.Rhu@yopmail.com,a2b0b129-df9f-4f6f-9d8f-0708040b2816
333,Dacia,Chinua,Dacia.Chinua@yopmail.com,cc66bf7c-c6ef-46ff-be69-690189fe9ce3
334,Daune,Pip,Daune.Pip@yopmail.com,ff0cb7c9-9e63-4d92-96de-2a272ec73462
335,Livvyy,O'Rourke,Livvyy.O'Rourke@yopmail.com,58e3ba96-46ce-4119-a89a-905cb25edd50
336,Kary,Alfons,Kary.Alfons@yopmail.com,5d856e41-1093-41d7-a542-2319c4750ace
337,Candi,Himelman,Candi.Himelman@yopmail.com,ccad2b87-901a-4d17-b3cb-11ba133b7452
338,Althea,Freddi,Althea.Freddi@yopmail.com,c0a5a28f-7943-4bf3-810d-4c51d823eb11
339,Alex,Koehler,Alex.Koehler@yopmail.com,8104c639-a34a-479b-9fce-ba84a3b3251f
340,Betta,Colleen,Betta.Colleen@yopmail.com,3f4784b3-eea6-4fa5-8dc1-030d9afeeebf
341,Sibella,Leifeste,Sibella.Leifeste@yopmail.com,2b68c98a-de05-47af-8306-9de7317dd406
342,Frieda,Oscar,Frieda.Oscar@yopmail.com,9b738acc-01fa-4885-9a55-9589e5abfb39
343,Emmey,Friede,Emmey.Friede@yopmail.com,8226cae1-c4a1-4591-b0b1-f70810e30899
344,Gerrie,Fleeta,Gerrie.Fleeta@yopmail.com,c5025eeb-b220-4946-bd3a-5c86e5b13a16
345,Dulce,Dorine,Dulce.Dorine@yopmail.com,e58bc09c-1095-4b06-9be6-c6efa86dd312
346,Olwen,Federica,Olwen.Federica@yopmail.com,a2c0fda8-fb48-477c-ba0c-ad921d7aa414
347,Nananne,Chabot,Nananne.Chabot@yopmail.com,878728bc-adea-41ea-9c5d-e4a98ceb8af3
348,Jeanna,Hashim,Jeanna.Hashim@yopmail.com,f2c3d28e-f2ad-41c6-bef8-ae6ebfc42185
349,Selma,Forrer,Selma.Forrer@yopmail.com,9943417a-7617-4810-8965-987f3593d648
350,Mara,Vharat,Mara.Vharat@yopmail.com,36ad294f-d15a-4d20-9aa6-a24353d9ccd3
351,Kittie,Neva,Kittie.Neva@yopmail.com,dd7fa589-2848-451b-a4ea-2e9649486d81
352,Jere,Rillings,Jere.Rillings@yopmail.com,1e675904-479b-45ef-934c-b48e04c7ad28
353,Teddie,Boycey,Teddie.Boycey@yopmail.com,9792d6c6-8bf6-4829-8c37-00cc999a4c32
354,Romona,Chinua,Romona.Chinua@yopmail.com,91044089-e527-424b-a813-a44a990daa0b
355,Lita,Carleen,Lita.Carleen@yopmail.com,cfbbb7ea-3c29-4904-95ef-d79218f33e48
356,Merry,Tremayne,Merry.Tremayne@yopmail.com,6b10b1f8-6bd1-4e9e-9cf0-e8edc2e9a6e1
357,Nerta,Izaak,Nerta.Izaak@yopmail.com,69f74209-4b21-41cf-aeb3-22c9b9c93a1e
358,Sadie,Morrill,Sadie.Morrill@yopmail.com,925aa245-a7a6-4cfa-a5a7-0ffb1f1c5b25
359,Evaleen,Alabaster,Evaleen.Alabaster@yopmail.com,69f7de88-a613-4224-a492-4e45c9c12c6d
360,Oona,Eiser,Oona.Eiser@yopmail.com,39f5817a-4f8c-479f-baa5-7c6512090dcb
361,Renae,Woodberry,Renae.Woodberry@yopmail.com,cfe4c26b-6506-4b83-87c8-b7c0e6468714
362,Molli,Medrek,Molli.Medrek@yopmail.com,61c056b3-d835-45e1-96b0-367314754cad
363,Desirae,Rubie,Desirae.Rubie@yopmail.com,bf2191a8-d3db-4f75-9570-aba45bf5558a
364,Ardenia,Ogren,Ardenia.Ogren@yopmail.com,409ad425-da1f-4192-8355-470a06d2df49
365,Rani,Daveta,Rani.Daveta@yopmail.com,2e73f868-9035-4d54-8aa5-915c52cf8479
366,Fawne,Myrilla,Fawne.Myrilla@yopmail.com,63cf7f1b-19f7-42eb-8846-626a77f97fdf
367,Molli,Reidar,Molli.Reidar@yopmail.com,59fdd139-433b-4bc6-9255-e3af3ecb7ef7
368,Alia,Anderea,Alia.Anderea@yopmail.com,ad660074-e78e-47d9-8cd8-78bbd9ead49b
369,Tina,Cressida,Tina.Cressida@yopmail.com,72e9f840-ed54-40df-aa9d-e4664a9128b2
370,Alejandra,Dalli,Alejandra.Dalli@yopmail.com,00e90469-8177-48ad-ba02-58cfc5d86e75
371,Roberta,Jarib,Roberta.Jarib@yopmail.com,d88533ef-bf7f-4fd3-99f7-f939bef9db90
372,Hope,Fiester,Hope.Fiester@yopmail.com,81daeedf-3f03-40b4-8b74-ac9fb32060f9
373,Celene,Milson,Celene.Milson@yopmail.com,3a9638aa-cd67-4dfd-867f-e918a284d74e
374,Winifred,Anyah,Winifred.Anyah@yopmail.com,34ef9068-d677-45bb-8d70-2f263461bd49
375,Chickie,Iiette,Chickie.Iiette@yopmail.com,430de8ca-325b-4afe-8e69-8ec67b3d65a6
376,Keelia,Louanna,Keelia.Louanna@yopmail.com,bc7cd852-33d9-4733-85db-421b3d48cdd3
377,Emmey,Chaing,Emmey.Chaing@yopmail.com,ce1f83c1-35aa-494d-9609-6ed257eb1f47
378,Halette,Catie,Halette.Catie@yopmail.com,58b4acff-b06b-4b52-a1ac-e906b4d57f8d
379,Frances,Jaylene,Frances.Jaylene@yopmail.com,8b7f8f69-e722-4bb7-87c6-a6303871e1d7
380,Albertina,Zaslow,Albertina.Zaslow@yopmail.com,abb98bae-b0d7-4928-8277-53e29944007b
381,Brandise,Erlandson,Brandise.Erlandson@yopmail.com,10ea5ff9-7d18-414d-9f43-498b6187bac8
382,Orsola,Zina,Orsola.Zina@yopmail.com,99baad58-eda7-416e-af0b-5a0fcec9c95c
383,Lacie,Ovid,Lacie.Ovid@yopmail.com,4df08818-4f51-435f-810a-082bfcca138a
384,Ninnetta,Masao,Ninnetta.Masao@yopmail.com,7a19ed88-fdc9-43ee-9475-8c8ac5ebdb97
385,Dione,Shaver,Dione.Shaver@yopmail.com,d08fcbbe-3736-4729-9a6c-6669eddb37fe
386,Blinni,Jena,Blinni.Jena@yopmail.com,58f820f6-571d-4454-b7a7-71ee51d62fad
387,Corly,Felizio,Corly.Felizio@yopmail.com,618b8845-bd77-4701-9805-06bb20d7cdb7
388,Gerianna,Nicoline,Gerianna.Nicoline@yopmail.com,f1064292-ac89-4a26-9484-0be26ece7778
389,Babita,Hessler,Babita.Hessler@yopmail.com,df2dd65d-3b64-45c2-aadf-9e04059ff288
390,Verla,Hebner,Verla.Hebner@yopmail.com,a32f4592-ac09-49b2-a232-0b5994cbefa2
391,Johna,Jacinda,Johna.Jacinda@yopmail.com,705edaf7-5857-44b5-aa26-48726201694a
392,Andeee,Sprage,Andeee.Sprage@yopmail.com,8a9adb13-5231-4ce3-be30-c5f6a70a9894
393,Anallese,Zeeba,Anallese.Zeeba@yopmail.com,49101782-dfe2-409e-8ee3-34e95c342521
394,Philis,Suk,Philis.Suk@yopmail.com,ae8aa04d-820c-441f-a2f2-178fc4c9a935
395,Sam,Jalbert,Sam.Jalbert@yopmail.com,8301a30b-60b5-4164-8d05-85db807dee34
396,Chrystel,Kermit,Chrystel.Kermit@yopmail.com,5b707d02-92a6-4592-99fc-2dea9a71c000
397,Nonnah,Albertine,Nonnah.Albertine@yopmail.com,1c6ea9d9-33b0-4ec2-8b1a-6c08681868d7
398,Yolane,Remmer,Yolane.Remmer@yopmail.com,98252b37-e037-4fb0-ae8b-f6e9963b2efc
399,Myriam,Clywd,Myriam.Clywd@yopmail.com,695f89f7-2be2-4e2a-a5e7-50e4e4d52a09
400,Deirdre,Tamsky,Deirdre.Tamsky@yopmail.com,de2ed8e4-d8d2-4fbc-9e69-1c9ee0346f18
401,Abbie,Georgy,Abbie.Georgy@yopmail.com,a6ce2096-9f8e-43cc-81f2-4fcedeebe470
402,Dolli,Shuler,Dolli.Shuler@yopmail.com,9816b574-b1f7-4a13-b0ca-a1158bd12a06
403,Catharine,McNully,Catharine.McNully@yopmail.com,e35217ba-b41c-44ba-9923-f26422fe8497
404,Kellen,Campball,Kellen.Campball@yopmail.com,f98b2781-fc98-482c-9b0c-3cd68d821510
405,Nonnah,Christal,Nonnah.Christal@yopmail.com,fb60cdfe-7072-4e01-858c-a648670a0471
406,Vevay,Wolfgram,Vevay.Wolfgram@yopmail.com,bf70e2bf-5fa5-4e0d-a33a-19321ecb40e8
407,Karly,Noman,Karly.Noman@yopmail.com,96975e6d-bb8e-4e13-af35-b7f4ce9c15c6
408,Paulita,Kaja,Paulita.Kaja@yopmail.com,d1012acb-abd2-4144-9505-0d69df226114
409,Alyda,Belldas,Alyda.Belldas@yopmail.com,f3f7814d-318a-4a8a-85cd-33beb8039944
410,Marline,Marisa,Marline.Marisa@yopmail.com,36d325db-65b0-4fae-9122-d71a5532fda9
411,Madeleine,Eben,Madeleine.Eben@yopmail.com,98b3774e-5710-4e12-9340-7e60b271e39f
412,Iseabal,Thunell,Iseabal.Thunell@yopmail.com,0719e727-8d3f-43cc-a562-52737aaa7642
413,Gilligan,Dannye,Gilligan.Dannye@yopmail.com,6e70ab1d-1381-4dd6-a654-a3764923b161
414,Delilah,Amadas,Delilah.Amadas@yopmail.com,03bf37bd-7c0c-41e0-8887-31a2e81206c2
415,Rubie,Capello,Rubie.Capello@yopmail.com,3038d74a-bd6c-4c44-86fe-84a4c1f7d984
416,Mallory,Concha,Mallory.Concha@yopmail.com,e74c6b08-b16d-483d-8b7e-bc86c96955cc
417,Leontine,Riva,Leontine.Riva@yopmail.com,65d98ed5-c68d-44ff-a313-64d5d946d162
418,Kassey,Orelee,Kassey.Orelee@yopmail.com,7668bbad-4bb8-440f-a071-c1c849c580c5
419,Nicoli,Nicoline,Nicoli.Nicoline@yopmail.com,c90c05af-579c-4a6b-b883-c34a900c028b
420,Hyacinthe,Lorain,Hyacinthe.Lorain@yopmail.com,36fe84c9-3c15-48c4-9b80-fc11733f1fba
421,Codie,Verger,Codie.Verger@yopmail.com,a69383c0-e6f8-4bfb-8000-85d9d3cf5c9e
422,Nerta,Daegal,Nerta.Daegal@yopmail.com,881e834b-80f0-4521-a4e2-10e39a3fdd8b
423,Ardenia,Hamil,Ardenia.Hamil@yopmail.com,292731e4-283f-49ed-ad15-78c3d03af307
424,Donetta,Kronfeld,Donetta.Kronfeld@yopmail.com,2712fa78-2b88-4589-b7b0-04015a16892b
425,Roxane,Keily,Roxane.Keily@yopmail.com,2ca1ca74-fa10-4b03-9a22-74a818b71f08
426,Dulcinea,Dulciana,Dulcinea.Dulciana@yopmail.com,250a9bf0-8379-429a-97f2-f9c95f9a8361
427,Cassondra,Saint,Cassondra.Saint@yopmail.com,cef3621b-190c-4dd5-9bd0-e728e243f482
428,Ginnie,Elephus,Ginnie.Elephus@yopmail.com,14a51c89-1072-4482-b96d-5d5718f9eca7
429,Nicoli,Burkle,Nicoli.Burkle@yopmail.com,df876eee-2c73-417a-b5db-2a7b422e2429
430,Madelle,Buffum,Madelle.Buffum@yopmail.com,9e1a75e1-89e1-4d0e-9774-f671a8531edf
431,Deedee,Claudine,Deedee.Claudine@yopmail.com,7143ec48-cb6b-4016-abbb-8917e4b5e7e1
432,Ernesta,Brotherson,Ernesta.Brotherson@yopmail.com,08ab0d38-cde6-4e1f-add9-73984cc1b3fd
433,Kirbee,Screens,Kirbee.Screens@yopmail.com,50a23f76-e9e8-4268-8755-6dc9dc041aea
434,Tybie,Iphlgenia,Tybie.Iphlgenia@yopmail.com,1b8fd770-8745-441e-913a-51eb60dd9f30
435,Atlanta,Diogenes,Atlanta.Diogenes@yopmail.com,2094e7f9-28d7-4592-a6f7-5f53c9e82738
436,Oralee,Tarrant,Oralee.Tarrant@yopmail.com,d7679828-8a00-442b-a4e2-c85ec789358f
437,Melodie,Arvo,Melodie.Arvo@yopmail.com,c69598c4-ee7d-4010-8687-b8b5246829c3
438,Asia,Diann,Asia.Diann@yopmail.com,410d0417-5ddd-42d4-b3a2-9445a4f46260
439,Nickie,Felizio,Nickie.Felizio@yopmail.com,2add94a6-5a2c-40f0-8b3c-e4084caf4b71
440,Starla,Malina,Starla.Malina@yopmail.com,c4ebccc7-af6c-414d-be83-a97a62f28f3a
441,Suzette,Jehu,Suzette.Jehu@yopmail.com,4790b62a-82a4-4337-a4b1-63ff6768d07b
442,Marti,Candy,Marti.Candy@yopmail.com,9900b4ba-f003-4e1b-8880-f9683edb1f20
443,Tami,Marlie,Tami.Marlie@yopmail.com,0b20ebb6-7c02-4a13-9db0-a71141ed2b9e
444,Inga,Jess,Inga.Jess@yopmail.com,5bfb1c9c-5091-4ba7-b60a-8d61b620ee23
445,Lily,Millda,Lily.Millda@yopmail.com,4e324072-cb89-46ed-a79d-ebcc04d9b0b3
446,Lenna,Jess,Lenna.Jess@yopmail.com,61701537-e94a-4d30-8fd0-bfdc893bfd8b
447,Rosene,Morrill,Rosene.Morrill@yopmail.com,93423d4e-fea0-4665-a0bb-e331e2ba45be
448,Debee,Narton,Debee.Narton@yopmail.com,fabca79d-9fac-40f0-905e-12ffa6ead700
449,Leona,Audly,Leona.Audly@yopmail.com,27efdab4-3666-4993-95f0-a1ea63853adf
450,Shaylyn,Grosz,Shaylyn.Grosz@yopmail.com,7d8f8974-7b6d-473b-add6-64b52b3bd6e2
451,Melanie,Center,Melanie.Center@yopmail.com,7c5f22e4-92fa-4a4e-ac66-4e93403cc8b7
452,Jessy,Ventre,Jessy.Ventre@yopmail.com,4cf11051-5980-49ce-8fe8-11e25d1971c6
453,Teddie,Marlie,Teddie.Marlie@yopmail.com,984a06e8-58ae-4a11-8736-a033ce3ac6a0
454,Caryl,Colleen,Caryl.Colleen@yopmail.com,fdb83e41-64a8-4c39-a77b-c39d620a61d5
455,Monika,Mott,Monika.Mott@yopmail.com,b1d6daf9-deda-4849-8104-74c922f9a7ce
456,Abbie,Tryck,Abbie.Tryck@yopmail.com,827e9b69-4f0f-441d-b69a-e14bd7c61b19
457,Benita,Hoenack,Benita.Hoenack@yopmail.com,5dbb1081-0729-4187-93aa-853a4e761349
458,Aeriela,Zitvaa,Aeriela.Zitvaa@yopmail.com,544b4999-ae71-4f22-8436-8734cf4b2f89
459,Willetta,MacIntosh,Willetta.MacIntosh@yopmail.com,4d9cfd54-3c0c-4b27-a969-fe3150f12b83
460,Nyssa,Rodmann,Nyssa.Rodmann@yopmail.com,b34d302e-2265-4e77-844f-4298c58918d2
461,Edith,Tomasina,Edith.Tomasina@yopmail.com,c405753f-239d-4a96-899c-f44450c5947c
462,Genovera,Trace,Genovera.Trace@yopmail.com,ea67af7d-c9ba-404f-872e-73af6ea009a2
463,Rani,Behre,Rani.Behre@yopmail.com,d5a8a447-984a-4ac7-b23b-12001d4cca01
464,Malina,Seessel,Malina.Seessel@yopmail.com,3ff6fd8b-58fa-411b-987b-4257dce65171
465,Addia,Nore,Addia.Nore@yopmail.com,e65fea7c-a14b-4d15-bb98-5d7a5e340431
466,Clo,Cynar,Clo.Cynar@yopmail.com,e2a16fe8-058c-4f3b-8a08-6defde8ea2b0
467,Johna,Ovid,Johna.Ovid@yopmail.com,05dace90-caa8-4a64-ae6a-dbdc9d2b9bab
468,Zaria,Kiersten,Zaria.Kiersten@yopmail.com,63153fc1-bbe9-4a95-bb59-664e42751eb9
469,Ivett,Sandye,Ivett.Sandye@yopmail.com,4d2a7e67-702f-4dfb-b798-ba9582e8d759
470,Winifred,Karna,Winifred.Karna@yopmail.com,f3bdfd8f-30d6-49b4-9fb3-ff143a0b09c9
471,Gretal,Alexandr,Gretal.Alexandr@yopmail.com,40b91057-9f6e-46c1-984e-56c5cf58b0aa
472,Theodora,Leifeste,Theodora.Leifeste@yopmail.com,2ed7a5ec-6162-43ac-9763-aa524726cdec
473,Jemie,Cyrie,Jemie.Cyrie@yopmail.com,3c90637e-0541-49fa-83d7-17953446f969
474,Shandie,Mitzi,Shandie.Mitzi@yopmail.com,35534554-1ef3-4857-80c3-3c9b021ee3a2
475,Carree,Gherardo,Carree.Gherardo@yopmail.com,5e1869d6-d024-46c9-b550-3fceee2e0578
476,Chrystel,Byrne,Chrystel.Byrne@yopmail.com,340dc231-d90b-45e9-b108-237f68f2423b
477,Sissy,Alejoa,Sissy.Alejoa@yopmail.com,2a9ca3e9-23ea-4f1d-a601-de040bbd7a8c
478,Shandie,Eugenia,Shandie.Eugenia@yopmail.com,d15bb10f-bc72-4a48-bd0f-b68548a3163f
479,Esmeralda,Lenny,Esmeralda.Lenny@yopmail.com,8c41b732-fb32-407d-8f7a-c8b123065ac4
480,Lanae,Cullin,Lanae.Cullin@yopmail.com,a620971f-4a9d-4d37-bbe6-b430d87459b0
481,Dotty,Saree,Dotty.Saree@yopmail.com,304c14e5-9da9-4937-850a-7ba493e0b1c5
482,Charlena,Gert,Charlena.Gert@yopmail.com,b1150f1e-c312-470e-b92e-98819398ac75
483,Kamilah,Abram,Kamilah.Abram@yopmail.com,394428af-91d6-461b-bb75-de89ce4086cd
484,Jeanna,Dowski,Jeanna.Dowski@yopmail.com,9d9e7cca-11f0-40e1-a964-1590de920cad
485,Jillayne,Saunderson,Jillayne.Saunderson@yopmail.com,f0e4d29b-28c4-491a-b1ac-04b161e55000
486,Dione,Cressida,Dione.Cressida@yopmail.com,3b5bdd6c-c0ba-47b0-897a-cf1f17159652
487,Kimberley,Eben,Kimberley.Eben@yopmail.com,4e9168ae-ce46-485b-8d5d-bf68877e301c
488,Donetta,Suk,Donetta.Suk@yopmail.com,fa01af29-2163-4561-bbd2-f1d20bc24428
489,Jessamyn,Naashom,Jessamyn.Naashom@yopmail.com,db3c6b0e-9b34-48b9-864a-73f27083e29b
490,Ottilie,Gwenore,Ottilie.Gwenore@yopmail.com,d7fac26b-3fa5-4a3c-afcf-be9d4a3f454f
491,Taffy,Margarete,Taffy.Margarete@yopmail.com,53ceab1e-f770-4fe8-90b0-99df6eeec647
492,Elfreda,Toni,Elfreda.Toni@yopmail.com,2dbe6921-3bd2-401d-abba-9231eedfca4d
493,Merle,Ophelia,Merle.Ophelia@yopmail.com,4b0eab26-af40-4023-ab6e-9eef3686bc76
494,Brietta,Aldric,Brietta.Aldric@yopmail.com,3b15182a-1327-419c-a723-33ba2914e620
495,Bill,Dannye,Bill.Dannye@yopmail.com,637c989c-63ee-4130-ade4-80ace1582a1d
496,Chickie,Malina,Chickie.Malina@yopmail.com,28a28ff4-860b-4f26-b758-816ea5001121
497,Karly,Lane,Karly.Lane@yopmail.com,dd52da94-6620-44ca-a8c0-1506e6d20331
498,Brynna,Nicoline,Brynna.Nicoline@yopmail.com,df56772c-23ec-411d-b174-c506cc4b019a
499,Joceline,Cristi,Joceline.Cristi@yopmail.com,2eadc395-e00b-45dc-9a39-8d7e76346fc5
500,Shirlee,Goldina,Shirlee.Goldina@yopmail.com,da736c5a-e61c-44a3-8cc6-d86fa45d4714
501,Lucille,Edvard,Lucille.Edvard@yopmail.com,c73aca76-644a-413c-931d-0e47da9e1da5
502,Christy,Lipson,Christy.Lipson@yopmail.com,6e0d3e4c-647c-4379-9491-9402ebad77b4
503,Theodora,Karna,Theodora.Karna@yopmail.com,879e7a38-f560-434c-b080-3d3c1c38d149
504,Nikki,Boycey,Nikki.Boycey@yopmail.com,9cdbeacf-44cd-4c5d-b488-f127ca60af63
505,Yolane,Kesley,Yolane.Kesley@yopmail.com,c5f8c52c-0809-44a2-b126-2ee99ecffc7a
506,Deirdre,Lattie,Deirdre.Lattie@yopmail.com,651817d2-814c-4851-b792-3d06befe09d7
507,Rosaline,Sisile,Rosaline.Sisile@yopmail.com,1da6b100-067f-4e33-aaf9-70ca91768b73
508,Tiffie,Bethany,Tiffie.Bethany@yopmail.com,7ea54584-5e30-45cd-bbc8-449eac118a1a
509,Rosaline,Marsden,Rosaline.Marsden@yopmail.com,d8fb1d56-0dfc-49b3-ae7c-a47193efb561
510,Fanny,Kimmie,Fanny.Kimmie@yopmail.com,67816927-def7-4c34-b0c8-0713b7e59ea4
511,Allis,Kirstin,Allis.Kirstin@yopmail.com,6fd4e944-a59a-4950-b583-c9af2f3d9b8e
512,Sonni,Magdalen,Sonni.Magdalen@yopmail.com,beaf271e-1319-471c-bc45-e266348e3dbf
513,Stacey,Pearse,Stacey.Pearse@yopmail.com,e9cdd751-eef4-4e9f-9791-dce95a829fc7
514,Aubrie,Tjon,Aubrie.Tjon@yopmail.com,1b1edc7f-dded-4111-a002-aff749a5dc81
515,Delilah,Juan,Delilah.Juan@yopmail.com,c379cc87-42a5-41b3-ab7c-97773248dbf1
516,Carilyn,Abram,Carilyn.Abram@yopmail.com,28f7555b-e65a-421a-bebb-f22f80ee5794
517,Selia,Brieta,Selia.Brieta@yopmail.com,62d186c0-c203-4f11-8285-a8d95f313957
518,Dotty,Ledah,Dotty.Ledah@yopmail.com,544aadda-a25c-4867-b011-6ceacb395836
519,Ezmeralda,Amasa,Ezmeralda.Amasa@yopmail.com,6a44ead7-2e11-40d1-bc48-81f7974c5a5b
520,Atlanta,Shuler,Atlanta.Shuler@yopmail.com,5e9a58dc-f459-4bd8-9982-6878b873d284
521,Donnie,Cohdwell,Donnie.Cohdwell@yopmail.com,f1cd2935-d235-45cb-937e-80777c05d7be
522,Keelia,Melleta,Keelia.Melleta@yopmail.com,332d750f-d873-43fe-bcf8-2255b8039d83
523,Donetta,Beniamino,Donetta.Beniamino@yopmail.com,5e429a42-997e-4694-b0bb-0e75014f5ccd
524,Dacia,Zola,Dacia.Zola@yopmail.com,3f47ebae-4d57-4c93-97c4-32378830e014
525,Devina,Nore,Devina.Nore@yopmail.com,6dff8697-e01a-4ac0-863d-14772fca092f
526,Edith,McGrody,Edith.McGrody@yopmail.com,54a7646a-98f6-495b-99cb-340035c4fb9d
527,Veda,Ortrude,Veda.Ortrude@yopmail.com,0942245e-e737-4106-8c79-2f185c477436
528,Livvyy,Kevon,Livvyy.Kevon@yopmail.com,265aaeb2-e0c1-4ede-832c-e66b94ce8ab3
529,Aurore,Pearse,Aurore.Pearse@yopmail.com,8ac1fbdf-368a-427b-a800-afb81921d703
530,Adelle,Katrine,Adelle.Katrine@yopmail.com,1ad70f98-ed43-4506-a8cf-f48a2f8fcc15
531,Rhoda,Blake,Rhoda.Blake@yopmail.com,ce53e22f-f0d2-4631-8af7-db566677b899
532,Edyth,Dowski,Edyth.Dowski@yopmail.com,2ae6ad9f-899b-467b-bdf8-b7a4e2c0fa9a
533,Arabel,Howlyn,Arabel.Howlyn@yopmail.com,e6575b41-d954-4114-a545-80338184c062
534,Demetris,Forrer,Demetris.Forrer@yopmail.com,79a3ae1d-e0a8-468a-9135-23fdd1d480c8
535,Correy,Ferrell,Correy.Ferrell@yopmail.com,d6cea00b-fc41-41a8-a51c-eb7c38e570fa
536,Starla,Killigrew,Starla.Killigrew@yopmail.com,54881b8a-6e26-4165-aac3-367120d388c3
537,Lila,Rillings,Lila.Rillings@yopmail.com,cc53ef10-232c-42cd-af62-9d7e9456ac93
538,Gertrud,Allys,Gertrud.Allys@yopmail.com,9ef58a7c-41e4-4719-a402-8436f72a4c57
539,Sibella,Lutero,Sibella.Lutero@yopmail.com,3869dacf-d27f-40ff-a765-42b95261beda
540,Modestia,Milson,Modestia.Milson@yopmail.com,537ec35b-60a9-4c30-9491-e222bb779def
541,Maye,Moina,Maye.Moina@yopmail.com,80a50c40-5329-43f4-afde-73cb92038795
542,Ann-Marie,August,Ann-Marie.August@yopmail.com,38ac34cf-8de3-4361-b583-800619b7dae9
543,Roberta,Berard,Roberta.Berard@yopmail.com,1a5d183b-7701-4e7b-a5d9-f075e926a1d9
544,Barbi,Yate,Barbi.Yate@yopmail.com,ac992b07-43d0-4dff-a35c-59c118c71349
545,Nataline,Gwenore,Nataline.Gwenore@yopmail.com,2691a4d8-2377-43ac-8f42-ec87acb0e775
546,Annice,Alabaster,Annice.Alabaster@yopmail.com,c6b45648-81d4-416c-82da-3bb3d83d9330
547,Carly,Fiann,Carly.Fiann@yopmail.com,97bc91a3-249a-433c-a1fc-052d3d9d6ac3
548,Jackie,Amand,Jackie.Amand@yopmail.com,e01b4c3d-0a43-45ef-8176-e7c182757389
549,Cissiee,Campball,Cissiee.Campball@yopmail.com,eb78f58d-544e-498f-9d56-d5fdb92e051e
550,Gusella,Franza,Gusella.Franza@yopmail.com,9733bb99-675b-48d2-870e-3a30f01a5064
551,Sissy,Maryanne,Sissy.Maryanne@yopmail.com,618ce19b-bc57-4a0a-b09b-12321401f44a
552,Nyssa,Stelle,Nyssa.Stelle@yopmail.com,9aa22037-94f2-4dcc-8b7f-c6a0961a5873
553,Paulita,Stefa,Paulita.Stefa@yopmail.com,0e57fefd-8c0f-4a93-b445-1c5d079d176f
554,Deirdre,Hylan,Deirdre.Hylan@yopmail.com,4d681958-4b1f-4bf8-b928-d08f37951d5e
555,Beverley,Tayib,Beverley.Tayib@yopmail.com,5916fb42-9875-4110-a615-cf41ca97e467
556,Emma,Pierette,Emma.Pierette@yopmail.com,286f75c0-3492-4817-b69b-da88994ee05c
557,Lita,Maryanne,Lita.Maryanne@yopmail.com,dab283cf-d528-4cae-88f5-916558924e82
558,Marguerite,Wattenberg,Marguerite.Wattenberg@yopmail.com,78f3949f-9c35-43d5-9a77-6cf3328e7083
559,Alie,Tippets,Alie.Tippets@yopmail.com,8acb2ccc-eaf9-42ad-a4d9-7f95993dce22
560,Ezmeralda,Brackely,Ezmeralda.Brackely@yopmail.com,ea757214-f1ef-4a90-982b-d8f4efc633fb
561,Beth,Durante,Beth.Durante@yopmail.com,116d0da1-dc65-4c9c-aa83-5ef8c1b9759a
562,Fanchon,Ackerley,Fanchon.Ackerley@yopmail.com,3ef3f3ef-b44b-4872-a9ad-a9d01923a7b9
563,Almeta,Frendel,Almeta.Frendel@yopmail.com,e1bdbb39-4a58-43e6-afff-e656449e355e
564,Marnia,Corrine,Marnia.Corrine@yopmail.com,a9ca4109-1ea7-4a52-b1a8-ac5cbb722be1
565,Cecile,Dorcy,Cecile.Dorcy@yopmail.com,c4b6f22f-0e7e-4b08-86f1-249af33fed18
566,Larine,Ailyn,Larine.Ailyn@yopmail.com,4e808d9d-40f9-4dfc-9694-cb8addc6b2da
567,Rozele,Emmy,Rozele.Emmy@yopmail.com,f4a51da4-190c-4357-a185-892b837985d1
568,Ana,Center,Ana.Center@yopmail.com,79592ec9-4a1d-418d-ac7b-2ce1aa752440
569,Dyann,Carvey,Dyann.Carvey@yopmail.com,d7977d4b-b781-4b15-af07-15d7c2cb145b
570,Katleen,Presber,Katleen.Presber@yopmail.com,a9c71cd1-151f-42b6-b844-493c0fc6122d
571,Candi,Sothena,Candi.Sothena@yopmail.com,67406f53-8926-4b4d-bd94-3033cc5e9bea
572,Belinda,Dorothy,Belinda.Dorothy@yopmail.com,8dd73b40-ac84-46da-bfbd-9839fec26033
573,Nicoli,Adlare,Nicoli.Adlare@yopmail.com,f8d8ebfa-6457-4878-89b4-a0962f6267a0
574,Winny,Juan,Winny.Juan@yopmail.com,b20de0c5-7f4b-4046-9349-fba80ae4285e
575,Feliza,Ilka,Feliza.Ilka@yopmail.com,cd6ead47-c7de-43a6-ae30-f0ad268e52ed
576,Myrtice,Plato,Myrtice.Plato@yopmail.com,d083285d-cbad-4cc7-ba19-e806746a1de5
577,Starla,Bibi,Starla.Bibi@yopmail.com,a8539b27-d95d-4597-acc3-85996b1118a8
578,Jsandye,Schlosser,Jsandye.Schlosser@yopmail.com,c3e6ffa6-d0df-40f8-af3b-bd42b9d823ab
579,Olwen,Fitzsimmons,Olwen.Fitzsimmons@yopmail.com,7593a29a-17dc-418e-93c6-ff3698c4bbbe
580,Laurene,Donoghue,Laurene.Donoghue@yopmail.com,ff448ace-3d60-4f46-ab92-b50fe362fabe
581,Dotty,Isidore,Dotty.Isidore@yopmail.com,d6195971-3644-4cba-b170-e391fd903a14
582,Hettie,Terencio,Hettie.Terencio@yopmail.com,c167811a-b30b-4d2a-b797-938db4ce6c3b
583,Louella,Fennessy,Louella.Fennessy@yopmail.com,2779b41b-5ca9-441b-a7a9-c3800575afc0
584,Liana,Ezar,Liana.Ezar@yopmail.com,3295e9d2-46cd-43d3-83fa-417b99ab5948
585,Merry,Edison,Merry.Edison@yopmail.com,831a45cb-6d8e-4c5d-944d-1b75f90ecbbe
586,Eve,Yate,Eve.Yate@yopmail.com,943f7529-031f-4d59-acfb-67a63a14a81d
587,Winifred,Borrell,Winifred.Borrell@yopmail.com,3fbdf0ee-3efb-4758-a648-1920a9ccc3e4
588,Shauna,Aida,Shauna.Aida@yopmail.com,4ea78824-620b-4318-af5b-178ae3149bd9
589,Nollie,Drisko,Nollie.Drisko@yopmail.com,105d78d4-ddff-4341-87e8-d7d165e28b95
590,Mathilda,Rodmann,Mathilda.Rodmann@yopmail.com,7b43165a-b639-4576-83e4-cbf0f866a4ef
591,Modestia,Tacye,Modestia.Tacye@yopmail.com,96e3f3c9-5b71-4a2f-a6f5-96e95693d5bc
592,Hannis,Kat,Hannis.Kat@yopmail.com,52cc0119-526d-4633-8eb6-cfbaf28a456c
593,Oralee,Frodi,Oralee.Frodi@yopmail.com,167c1a31-f469-4077-aa65-af9f31f26378
594,Melanie,Dimitris,Melanie.Dimitris@yopmail.com,3a5f53c1-4b93-4f1d-87cd-1c15d4c81c48
595,Dulcinea,Jammal,Dulcinea.Jammal@yopmail.com,154e0ebb-828b-44f1-b9dd-0d6b23378706
596,Zia,Grobe,Zia.Grobe@yopmail.com,d702fc46-66cb-4d64-850f-45ee41be46f8
597,Corene,Lasley,Corene.Lasley@yopmail.com,653ffc83-e46d-436b-bceb-8e97c29abf40
598,Leanna,Marijo,Leanna.Marijo@yopmail.com,5ae85a68-2881-4485-94c1-c0745a74f461
599,Vanessa,Ries,Vanessa.Ries@yopmail.com,2c3aad4b-0796-4493-8dd0-b76dbead531e
600,Annora,Valerio,Annora.Valerio@yopmail.com,0aede49c-02a6-4635-8473-eca98c0e74f2
601,Coral,Oster,Coral.Oster@yopmail.com,9ab212c1-44f4-4bab-8106-a8cbb4444ef5
602,Bobbi,Adrienne,Bobbi.Adrienne@yopmail.com,d31ec613-0320-4495-bf57-0b2688d4751d
603,Lacie,Hachmin,Lacie.Hachmin@yopmail.com,937d7791-5b04-43bd-83ef-e0c7c184928e
604,Wilma,Caitlin,Wilma.Caitlin@yopmail.com,b1f282f3-b5fe-496b-b451-34910810b747
605,Tilly,Tyson,Tilly.Tyson@yopmail.com,99df269a-5ccd-4098-b503-75b9aac7213a
606,Willetta,Manolo,Willetta.Manolo@yopmail.com,799eb162-f962-4424-a84c-f1b2987d52af
607,Kathy,Swigart,Kathy.Swigart@yopmail.com,2c28bd7f-ced9-4aeb-be8a-0200124ebe4a
608,Thalia,Dominy,Thalia.Dominy@yopmail.com,e6c84fec-554b-4e45-861b-d5c68dfa6e0f
609,Eolanda,Adalbert,Eolanda.Adalbert@yopmail.com,217fbff7-046f-4f9f-b338-b8c35a51f373
610,Kalina,Woodberry,Kalina.Woodberry@yopmail.com,48bec488-d072-4c9a-a391-e36926494a0b
611,Gusella,Himelman,Gusella.Himelman@yopmail.com,fa8d3740-46ea-43ff-aaa1-59823427ded7
612,Sybille,Melony,Sybille.Melony@yopmail.com,9c2852ba-a767-4d1c-9c1c-a367e38e5024
613,Tatiania,Briney,Tatiania.Briney@yopmail.com,00c52916-c18a-4535-88d3-06af6c9acd0a
614,Maud,Pozzy,Maud.Pozzy@yopmail.com,8d73c605-4a02-44e7-af63-1bc35846375c
615,Mahalia,Berard,Mahalia.Berard@yopmail.com,66c7875c-778a-41c3-bb0c-9a410061bc29
616,Kamilah,Dulciana,Kamilah.Dulciana@yopmail.com,1bddd046-33a7-426f-bc3e-76b9b04df403
617,Joceline,Percy,Joceline.Percy@yopmail.com,25d2f4f3-db4f-4bc7-b67e-8d6dc763363b
618,Sadie,Gibbeon,Sadie.Gibbeon@yopmail.com,edface4a-e782-4562-8f40-9791633236d9
619,Konstance,Alva,Konstance.Alva@yopmail.com,69ad6d5e-debe-4b30-b6e7-6c7509f7402e
620,Sadie,Westphal,Sadie.Westphal@yopmail.com,b04e2443-f732-47d0-b242-2aa83a8d4018
621,Oona,Ezar,Oona.Ezar@yopmail.com,f653c972-45c5-499d-8ee7-91759dc80d1c
622,Suzette,Slifka,Suzette.Slifka@yopmail.com,ef0b2bb4-359d-4f9c-8581-0b7895706f51
623,Dolli,Corabella,Dolli.Corabella@yopmail.com,4371e443-91f9-4de1-a900-7854c6c9194b
624,Lory,Stav,Lory.Stav@yopmail.com,98db7d03-e594-4d5b-9061-706feb12e4cf
625,Marleah,Briney,Marleah.Briney@yopmail.com,ef5de932-1e23-4989-8741-fd4f47c98ecb
626,Caritta,Ambrosia,Caritta.Ambrosia@yopmail.com,5ec77ac3-a23e-4228-b29b-9119ff13c30d
627,Eugine,Malanie,Eugine.Malanie@yopmail.com,cea87b42-ebfb-4033-bb46-ac491c50b69b
628,Rhea,Norvol,Rhea.Norvol@yopmail.com,97f8cd01-96d0-4b68-ac0d-9f614d995dee
629,Lorne,My,Lorne.My@yopmail.com,11c80087-8147-48d9-b260-677fc01749b5
630,Dede,Fry,Dede.Fry@yopmail.com,1e95ee9d-09d8-4171-804b-2e70af6bc523
631,Beatriz,Ephrem,Beatriz.Ephrem@yopmail.com,186abef9-92d5-4dbc-872b-6a1deeda9c42
632,Karolina,Noam,Karolina.Noam@yopmail.com,37d40527-30a2-4d16-8252-892c1615079f
633,Randa,Melan,Randa.Melan@yopmail.com,6bafa34c-934b-459b-9eb7-f685d67e3ce4
634,Cherrita,Kussell,Cherrita.Kussell@yopmail.com,3d54103b-ca9c-4e04-bbaf-20b822a5bb1d
635,Ileana,Byrne,Ileana.Byrne@yopmail.com,607678b7-5daf-4add-97f8-ff4094421e65
636,Mureil,Heidt,Mureil.Heidt@yopmail.com,b46fe724-1af1-444b-b938-b15bf0d77023
637,Cassondra,Cyrie,Cassondra.Cyrie@yopmail.com,85dad228-ffce-4b52-a076-0b9b15e1314c
638,Jan,Chem,Jan.Chem@yopmail.com,ae8cfbac-b220-4424-8692-4c4127a9ebb7
639,Johna,Suk,Johna.Suk@yopmail.com,aad447ce-363c-4f05-9b46-6bd745c58e38
640,Bernie,Nisbet,Bernie.Nisbet@yopmail.com,84d3053a-8a82-449d-94ed-b75f05a9ccfc
641,Konstance,Giff,Konstance.Giff@yopmail.com,6d3d0be6-2539-4453-8535-0926eb8bab97
642,Selma,Hamil,Selma.Hamil@yopmail.com,5d0b3add-45de-493c-a1f6-39da13cb8594
643,Marline,Donoghue,Marline.Donoghue@yopmail.com,a65666ae-047b-45c9-bcd5-6e1be8d69318
644,Kittie,Crudden,Kittie.Crudden@yopmail.com,978d69d5-285e-4b46-a3d2-bc546e5e2e9b
645,Dione,Matthew,Dione.Matthew@yopmail.com,b316995f-428b-4c9c-86c3-7503e787d70f
646,Kaja,Astra,Kaja.Astra@yopmail.com,87bac69b-f588-4ca6-af55-bba745785e8b
647,Myriam,Rebecka,Myriam.Rebecka@yopmail.com,241a7b7f-4b4d-41eb-99b5-4d24874980e5
648,Gusty,Loring,Gusty.Loring@yopmail.com,715456a7-3ff5-42b1-a3f7-1785dfa19633
649,Jacquetta,Ogren,Jacquetta.Ogren@yopmail.com,219b9b0d-422b-4591-882c-6373f7c55b52
650,Dawn,Thornburg,Dawn.Thornburg@yopmail.com,cdcf5211-90a7-4255-b7fd-147e4bf1ba85
651,Gusty,Albertine,Gusty.Albertine@yopmail.com,823255da-092b-4257-bca6-9859714a031c
652,Lory,Glovsky,Lory.Glovsky@yopmail.com,dbf4879f-1624-4c5b-82e1-246542e8ac79
653,Kristina,Mendez,Kristina.Mendez@yopmail.com,c82d4440-0da1-4fa5-96c0-c6a648bf28f4
654,Paola,Bahr,Paola.Bahr@yopmail.com,d8de7dce-1d30-4a92-9e24-eeb65c8ded0f
655,Chastity,Hoenack,Chastity.Hoenack@yopmail.com,d9cc281a-d8bb-48b4-9935-b8018bc91034
656,Gisela,Bigner,Gisela.Bigner@yopmail.com,94bfd304-d258-434a-b19c-bd401ec93f4c
657,Ivett,Mott,Ivett.Mott@yopmail.com,072ba61a-a507-4330-b338-2acd351258a1
658,Jackie,Grosz,Jackie.Grosz@yopmail.com,7669014e-7e20-4930-b7cf-837330e08dd3
659,Jerry,Goode,Jerry.Goode@yopmail.com,c8c0c3da-a94a-4cc6-8ba5-d1dbfbf8a40a
660,Genovera,Vharat,Genovera.Vharat@yopmail.com,d5651dce-e6b9-404d-ac53-0385c4ffb6d4
661,Laure,Philoo,Laure.Philoo@yopmail.com,361e69b6-008e-4f27-8002-94ff75a6f07d
662,Kaia,Hirsch,Kaia.Hirsch@yopmail.com,1e831c64-56e4-4d76-8101-3a539d722f29
663,Phylis,Chrystel,Phylis.Chrystel@yopmail.com,e7b79e59-eb94-43e5-bd74-73b0c4e577a8
664,Maud,Fontana,Maud.Fontana@yopmail.com,4417516b-758f-4e1d-b1be-328bbe87c4b3
665,Sheelagh,Presber,Sheelagh.Presber@yopmail.com,29290f26-745f-4376-8802-db5b46a770f6
666,Rosanne,Heidt,Rosanne.Heidt@yopmail.com,1f13ecb5-683c-499c-94f5-5e774b6d3ee1
667,Henriette,Lory,Henriette.Lory@yopmail.com,f463de43-87fa-4276-90f5-127d40ccd82a
668,Dianemarie,Sisile,Dianemarie.Sisile@yopmail.com,ce829ace-aead-4eec-8548-00a26bd2a95d
669,Ann-Marie,Azeria,Ann-Marie.Azeria@yopmail.com,430545c4-106c-4222-b49e-59c4a67f4a10
670,Andeee,McNully,Andeee.McNully@yopmail.com,ddbaf700-552e-4670-bb37-9e26cfde9a3d
671,Kerrin,Evvie,Kerrin.Evvie@yopmail.com,20b29b5b-ddfe-44bc-b311-7c80e59fcbd4
672,Stevana,Sherfield,Stevana.Sherfield@yopmail.com,bf6a1c28-14dc-45d3-960a-3f37e598232f
673,Modestia,Rooney,Modestia.Rooney@yopmail.com,57dabfdf-4aed-41ea-8fea-8856eb632dd0
674,Silvana,Teddman,Silvana.Teddman@yopmail.com,7964c7b8-a420-4316-ac5c-609930120491
675,Violet,Tamsky,Violet.Tamsky@yopmail.com,5c71b3a9-0e0b-431f-94ba-f8866e5055a2
676,Adele,Yoko,Adele.Yoko@yopmail.com,57b7d3b6-3ceb-4463-8584-d4632640770f
677,Donnie,Goddard,Donnie.Goddard@yopmail.com,c5baa44f-70ae-4c55-a784-78c3ce6fe882
678,Marjie,Dash,Marjie.Dash@yopmail.com,5839a9cd-135c-4568-af85-6d880447f3e5
679,Maridel,Judye,Maridel.Judye@yopmail.com,3f86c1f8-cc2d-47b1-860f-aed7fb9a444f
680,Brandise,Clie,Brandise.Clie@yopmail.com,0d934965-7cad-49b8-8260-299b251ddc2b
681,Meriel,Glenden,Meriel.Glenden@yopmail.com,e24c3bb1-9e50-445b-bc1a-6062ed492ea4
682,Edee,Michella,Edee.Michella@yopmail.com,489b1f07-8b25-448f-a1e2-6f095b011d34
683,Cherilyn,Brodench,Cherilyn.Brodench@yopmail.com,486f47d8-be6d-4fbd-9cef-6fcc77ce1ed4
684,Deane,Magdalen,Deane.Magdalen@yopmail.com,91729aec-a15c-4797-8768-58212eea8431
685,Cecile,Luhe,Cecile.Luhe@yopmail.com,9699e7c3-39a2-4335-9243-6c6903c330b9
686,Joceline,Nicoline,Joceline.Nicoline@yopmail.com,db9789fe-c155-4c04-a189-322c89c555b9
687,Merrie,Earlie,Merrie.Earlie@yopmail.com,f21b8e50-9d86-4e39-94aa-9ddd1a31fef0
688,Farrah,Niles,Farrah.Niles@yopmail.com,5b469fb0-fcf3-4b91-a248-96e61aa1288c
689,Vonny,Vivle,Vonny.Vivle@yopmail.com,c765cc2f-2e59-4cb4-a178-61d592291eab
690,Carmela,Catie,Carmela.Catie@yopmail.com,ca0ac0eb-920e-471e-aa03-c176fba8cbcd
691,Sophia,Madaih,Sophia.Madaih@yopmail.com,d5ae2b71-e3f2-42a7-b7d9-3af9848e4161
692,Ashlee,Hylan,Ashlee.Hylan@yopmail.com,1e377a1f-f33a-4eae-ab42-012a7c3c77f2
693,Karly,Vacuva,Karly.Vacuva@yopmail.com,17cc9efa-c807-4bb8-9601-286c67c2c626
694,Blake,Kannry,Blake.Kannry@yopmail.com,6266e50d-fbb4-4420-bf62-8212a06b626c
695,Kaia,Ramona,Kaia.Ramona@yopmail.com,35a78ecc-fe92-4432-8fdb-8ff849b1a46a
696,Demetris,Oscar,Demetris.Oscar@yopmail.com,1aae7e21-12ff-42a9-93e2-60750136e4d1
697,Mariele,Raimondo,Mariele.Raimondo@yopmail.com,0e5cfd15-01df-44f3-81f6-f3436014cc0d
698,Gabi,Trace,Gabi.Trace@yopmail.com,90b20c34-79b5-406c-a30d-709d1044d638
699,Ricky,Berne,Ricky.Berne@yopmail.com,55638a99-68ef-48b6-9d7f-63b18706ea2e
700,Joleen,Raffo,Joleen.Raffo@yopmail.com,2bf48119-eaa2-4f80-b8b4-8eb68d760fb3
701,Lily,Hebner,Lily.Hebner@yopmail.com,127854e5-c604-4f49-b804-b97f97284289
702,Cissiee,Bari,Cissiee.Bari@yopmail.com,a7d7388d-7024-4282-b03b-8c7cc0e06184
703,Lynnea,Auberbach,Lynnea.Auberbach@yopmail.com,ee83ad04-6df1-4ab2-9aa8-2a33925209c7
704,Margalo,Ahab,Margalo.Ahab@yopmail.com,060902d3-469e-4b04-a036-20c1d2aea005
705,Catharine,Germann,Catharine.Germann@yopmail.com,8d4bef07-e8f3-4113-b3d1-15de05c5c15b
706,Tori,Pernick,Tori.Pernick@yopmail.com,e3cc32c3-52e7-48eb-8d0d-edd12cdbe8da
707,Teddie,Wind,Teddie.Wind@yopmail.com,697651d5-eb9f-438c-901a-43ced8287878
708,Arlena,Vastah,Arlena.Vastah@yopmail.com,ca457224-8641-4eea-84ac-17e61e6ca114
709,Mamie,Gaal,Mamie.Gaal@yopmail.com,710ec020-4434-4fce-82fe-c34b34585e78
710,Gratia,Ethban,Gratia.Ethban@yopmail.com,09fceee6-f704-409c-980a-bff84e47fdcb
711,Fawne,Cornelia,Fawne.Cornelia@yopmail.com,3e60a6b2-b96e-42dd-91b4-2cfce40f6744
712,Ezmeralda,Ardeha,Ezmeralda.Ardeha@yopmail.com,cc71b1d9-943a-4ef3-bdd3-aa3d4d3849f3
713,Christian,Gavrila,Christian.Gavrila@yopmail.com,450fd08a-c209-4717-a5cc-5df0b1add22c
714,Blake,Franza,Blake.Franza@yopmail.com,bad3b079-3e6a-416c-86bb-f248f0e2b6f4
715,Norine,Bebe,Norine.Bebe@yopmail.com,1394655e-a075-4237-8dd1-6c7b16faef8d
716,Margette,Lowry,Margette.Lowry@yopmail.com,679f71b3-7401-4d57-8e96-284c4a2429c1
717,Jolyn,Burch,Jolyn.Burch@yopmail.com,7497baf1-5096-439d-b749-19222f7abc93
718,Tamqrah,Gusella,Tamqrah.Gusella@yopmail.com,a522ee70-3cf7-498a-b001-5590fe8a633b
719,Rebeca,Francyne,Rebeca.Francyne@yopmail.com,1ef6625b-509c-46e7-af60-7ca27d7cbb59
720,Danika,Ambrosia,Danika.Ambrosia@yopmail.com,4008d6c2-ab7b-4d1b-bca4-e69ebe15fa8b
721,Magdalena,Roarke,Magdalena.Roarke@yopmail.com,d88590fb-35d5-4fdb-8eb1-6cf43a673ecf
722,Larine,Shields,Larine.Shields@yopmail.com,bcfe9d42-cb25-4c79-930b-f5ac35e51977
723,Carolina,Gillan,Carolina.Gillan@yopmail.com,df4e6e9d-f3be-4426-908f-f04f9edaa122
724,Dulce,Ehrman,Dulce.Ehrman@yopmail.com,cb18dd21-7b54-45ea-b0b9-b93661f81a95
725,Goldie,Scammon,Goldie.Scammon@yopmail.com,4db841c3-79e6-4336-b985-f3c65af4483c
726,Aigneis,Brittani,Aigneis.Brittani@yopmail.com,02c214d1-0ae7-4789-8bec-c1421b326964
727,Flory,Olnee,Flory.Olnee@yopmail.com,edc6144a-19fc-4fc2-b672-c95523551ad4
728,Benita,Delacourt,Benita.Delacourt@yopmail.com,e58e6cd9-78c9-48b2-8252-af990c47e402
729,Renie,Blase,Renie.Blase@yopmail.com,f736d88a-60a0-4ca2-993f-7ae7b0227bfe
730,Anica,Hieronymus,Anica.Hieronymus@yopmail.com,34f9a74d-d809-4cb4-8e0b-b32c8a792e6e
731,Lynnea,Tamsky,Lynnea.Tamsky@yopmail.com,5060201e-dc81-4be8-b592-9638c612ede5
732,Teriann,Westphal,Teriann.Westphal@yopmail.com,1b2d4922-1208-4283-be31-120a10ff4851
733,Katuscha,Erskine,Katuscha.Erskine@yopmail.com,8472f0a2-240a-4019-9b4b-6378123c9524
734,Jacenta,Salvidor,Jacenta.Salvidor@yopmail.com,39a94c64-18c4-4acf-9017-929eb31f6170
735,Joane,Lynn,Joane.Lynn@yopmail.com,d85496a7-48c3-4cec-b8f6-75a3afd20077
736,Perry,Rudolph,Perry.Rudolph@yopmail.com,c8cc9b25-cd9c-46a5-9a68-b691e42f02e6
737,Henriette,Vilma,Henriette.Vilma@yopmail.com,03395c13-7d94-450b-b4bd-03f00113c9d5
738,Jolyn,Poppy,Jolyn.Poppy@yopmail.com,508a6f0d-572f-426b-9ff1-92c709bb1df7
739,Valera,Louanna,Valera.Louanna@yopmail.com,6660739f-1fb2-4f5c-83c1-103964bc7a67
740,Reeba,Ries,Reeba.Ries@yopmail.com,334275cf-b14a-493e-be45-ac32b252d840
741,Orsola,Lucienne,Orsola.Lucienne@yopmail.com,1c8a92ac-8530-49a3-9ed4-2d0a747ce37f
742,Augustine,Belldas,Augustine.Belldas@yopmail.com,f69807a0-1e83-41ce-9645-410cdaafe5e6
743,Annaliese,Garbe,Annaliese.Garbe@yopmail.com,a069d7ad-7355-4632-ab1f-48d7f46123a4
744,Jordan,Pelagias,Jordan.Pelagias@yopmail.com,81fb9487-3f68-4ce5-bd04-df40f63af548
745,Kate,Hirsch,Kate.Hirsch@yopmail.com,84ef978d-36ff-4b26-8f70-2288caddfc71
746,Pollyanna,Annabella,Pollyanna.Annabella@yopmail.com,01cce8dd-f2aa-4463-8d9a-501b16f4955f
747,Quintina,Rogerio,Quintina.Rogerio@yopmail.com,d9d51768-8443-40b2-a8ac-2ce69d21a905
748,Bobinette,Ariella,Bobinette.Ariella@yopmail.com,c7c60a4d-2b99-4802-925f-971b82fe3360
749,Karena,Niles,Karena.Niles@yopmail.com,58645f82-068f-428b-aaa5-62db9611d694
750,Nonnah,Iaverne,Nonnah.Iaverne@yopmail.com,df1dd476-bff0-4391-9308-2a43c233096b
751,Rhoda,Dorcy,Rhoda.Dorcy@yopmail.com,2692c625-2bfb-401d-83be-d319678c50ba
752,Janeczka,Grobe,Janeczka.Grobe@yopmail.com,2fb90680-f8c5-4c96-9765-a273371ed6f2
753,Alameda,Faro,Alameda.Faro@yopmail.com,82492093-8099-4ceb-b673-d9805d5bfe02
754,Doralynne,Jary,Doralynne.Jary@yopmail.com,e4d37468-8d1c-404f-9bbe-d64ab5458321
755,Meriel,O'Neill,Meriel.O'Neill@yopmail.com,54775129-9c6f-453a-a3ce-d628953f45fb
756,Tonia,Maurine,Tonia.Maurine@yopmail.com,daf2d9ab-9436-42a0-ab58-cdeb9d75f077
757,Calla,Nisbet,Calla.Nisbet@yopmail.com,0eaa5aff-5cae-4a53-9e0c-98f817f3df67
758,Ivett,Friede,Ivett.Friede@yopmail.com,e4df082e-6c67-45fc-a38b-8e967163857a
759,Fred,Ax,Fred.Ax@yopmail.com,2d989e94-9592-4f61-84e1-7cc12f58cd6e
760,Averyl,Donell,Averyl.Donell@yopmail.com,2864bd83-1845-450b-9cd9-c3fdf7e75bc2
761,Hannis,Thad,Hannis.Thad@yopmail.com,725263e5-857f-4324-bd35-7c8c335a3ea9
762,Madeleine,Junie,Madeleine.Junie@yopmail.com,e9daff94-5846-41ca-87bf-109911a26388
763,Amelia,Felecia,Amelia.Felecia@yopmail.com,491a2403-1721-4cf6-be80-96436ca182f2
764,Millie,Loring,Millie.Loring@yopmail.com,ad303fb5-857f-460d-a230-b5f453b25960
765,Hope,Cornelia,Hope.Cornelia@yopmail.com,b4672232-169b-460b-9e97-ad5710f9923a
766,Sharlene,Roarke,Sharlene.Roarke@yopmail.com,d9d03cc3-a29f-4135-b83b-cd142def2535
767,Dagmar,Kylander,Dagmar.Kylander@yopmail.com,0483cd44-99d7-4a14-9a70-f79f464fcfc7
768,Violet,Gaynor,Violet.Gaynor@yopmail.com,62011865-3c60-4abe-922e-24c91e61b2be
769,Ardenia,Ariella,Ardenia.Ariella@yopmail.com,cc828a24-b3bb-4810-8d2c-8d8a000d619e
770,Nadine,Niles,Nadine.Niles@yopmail.com,fb6f773b-b8ca-4003-b600-b3cdac72f5a2
771,Danny,Dichy,Danny.Dichy@yopmail.com,ea340323-5d46-48ba-9351-d6c3270ec1f7
772,Diena,Bultman,Diena.Bultman@yopmail.com,b1a93b61-e4d3-41ac-acfa-99925c00450e
773,Chloris,Arquit,Chloris.Arquit@yopmail.com,32ef24fc-3af1-441c-9187-a6445ebc4911
774,Christal,Percy,Christal.Percy@yopmail.com,bbe0165b-9bc5-4d0d-b8c9-9e12b48cc939
775,Genevra,Hortensia,Genevra.Hortensia@yopmail.com,73d5fed6-6f17-4434-9353-25a0ff6e4775
776,Harmonia,Carvey,Harmonia.Carvey@yopmail.com,f53b1992-3471-49f7-9fff-b1f274415e12
777,Maryellen,Mathilde,Maryellen.Mathilde@yopmail.com,111896cb-b548-4aa6-97ab-60b9327c1916
778,Brooks,Oneida,Brooks.Oneida@yopmail.com,6da59d46-4419-494d-926f-1004fc0674ea
779,Brena,Douglass,Brena.Douglass@yopmail.com,7e21e1be-3b8a-4b6d-a55d-8baba0016150
780,Jan,Milde,Jan.Milde@yopmail.com,26a290ab-7886-4e31-a777-f01613626119
781,Eadie,Iphlgenia,Eadie.Iphlgenia@yopmail.com,af904c13-114f-4a3c-ba98-4e443df78a2d
782,Devina,Wu,Devina.Wu@yopmail.com,18ac5902-d4f0-43ce-9c09-eaae23907c47
783,Brena,Velick,Brena.Velick@yopmail.com,84257521-7d01-4a45-908b-893b1d31aa97
784,Cathie,Payson,Cathie.Payson@yopmail.com,f0bc4332-2a9d-4aa6-bd45-db26869d4534
785,Robinia,Zuzana,Robinia.Zuzana@yopmail.com,b898b7ac-7157-41c7-8ae0-103413e5079e
786,Brooks,Helfand,Brooks.Helfand@yopmail.com,a31f69de-9436-48f8-abe1-529493d310c0
787,Sissy,Ball,Sissy.Ball@yopmail.com,eb4824b8-beed-4c01-af66-6e17f1c27528
788,Misha,Kravits,Misha.Kravits@yopmail.com,27fa8b5f-0339-4fb4-a71f-9b20eaafe5b8
789,Amelia,Breed,Amelia.Breed@yopmail.com,9c22f836-bd41-4bcd-beb4-d170cef23dc2
790,Rozele,Horan,Rozele.Horan@yopmail.com,0edb751b-081c-4342-a1ff-5b902a7436b5
791,Micheline,Mott,Micheline.Mott@yopmail.com,94776947-78ba-4306-a199-a22def960672
792,Kelly,Charmine,Kelly.Charmine@yopmail.com,85470ad7-a984-4d4a-9554-ca1bb9df0b9e
793,Donnie,Zola,Donnie.Zola@yopmail.com,c580941e-0f51-4ab8-a535-216ccd10275b
794,Feliza,Hylan,Feliza.Hylan@yopmail.com,79b5c1e9-a447-4d70-a8bb-66443b6b8491
795,Daryl,Zitvaa,Daryl.Zitvaa@yopmail.com,02e62934-dd4f-40c4-87c7-e1e322784fac
796,Aeriela,Lamoree,Aeriela.Lamoree@yopmail.com,c755631c-287b-4001-b9ca-d2a6b66291c4
797,Melanie,Darrell,Melanie.Darrell@yopmail.com,05399c37-1563-44d6-a634-7ab7b3218f62
798,Shaylyn,Hunfredo,Shaylyn.Hunfredo@yopmail.com,0a59c1ed-4215-4779-8355-035e13aec524
799,Joy,Niles,Joy.Niles@yopmail.com,b2f36a12-199d-4d93-9c53-7e33ccb6fcff
800,Monika,Killigrew,Monika.Killigrew@yopmail.com,14161116-a07c-4e2d-a3d2-bf762389d7e4
801,Millie,Smitt,Millie.Smitt@yopmail.com,f6a9c5e7-a247-40a8-a1a5-b4462eb67074
802,Rubie,Newell,Rubie.Newell@yopmail.com,8a30052f-7c3d-47ac-8453-2f7e3d07378f
803,Codie,Sancho,Codie.Sancho@yopmail.com,e17e5438-d6ae-41cb-9131-8c33f5238e7d
804,Maridel,Claudine,Maridel.Claudine@yopmail.com,203d436f-ab04-4efd-af98-75ccec903f08
805,Dulce,Kaja,Dulce.Kaja@yopmail.com,6b7e9807-e9a8-4e12-8160-ce49eb90b28e
806,Phedra,Aloise,Phedra.Aloise@yopmail.com,26e8bcd5-fbcb-4adc-809f-5948245dc7ee
807,Eadie,Ellord,Eadie.Ellord@yopmail.com,a6523f15-8812-4a30-ae93-a9f774c1c59a
808,Kittie,Carri,Kittie.Carri@yopmail.com,44cffa8a-c378-4fa2-a28d-90c29dfdb39b
809,Katharina,Blisse,Katharina.Blisse@yopmail.com,35707804-93ca-4f13-9a49-f5bac1b740af
810,Gusella,Durante,Gusella.Durante@yopmail.com,1372b103-4dcc-4a27-862f-230dae34531f
811,Linzy,Zamora,Linzy.Zamora@yopmail.com,1363aa61-7650-4c84-83aa-8a7d79610403
812,Fred,Jorgan,Fred.Jorgan@yopmail.com,4b2fe296-e1b2-46e2-a0b5-ed05b244689e
813,Yolane,Payson,Yolane.Payson@yopmail.com,f37598eb-f04b-4ab3-9aa3-0bb86f7d1685
814,Bibby,Urania,Bibby.Urania@yopmail.com,1d7ddec3-b774-4134-8445-1752c7802768
815,Sam,Malvino,Sam.Malvino@yopmail.com,e3e5b362-93b3-4f8c-b80f-1da3be0119e5
816,Minne,Tice,Minne.Tice@yopmail.com,c3e3a332-f4ef-4a6e-bb05-5a655691a652
817,Tobe,Koehler,Tobe.Koehler@yopmail.com,c5e727e1-fa0b-49c9-8ee5-825c3afc450d
818,Wynne,Edee,Wynne.Edee@yopmail.com,3f8a09a4-083d-459e-bd10-6fb331c2fa4f
819,Rochette,Hazlett,Rochette.Hazlett@yopmail.com,6a6d74b7-5757-400c-9b86-a9985852d9d2
820,Corry,Ramona,Corry.Ramona@yopmail.com,7fb6c3b4-12d0-401a-9873-d1b4af1f9c8e
821,Ronna,Neva,Ronna.Neva@yopmail.com,766c4934-383a-4c74-b71b-5f973b455da9
822,Modestia,Hutchison,Modestia.Hutchison@yopmail.com,9d63823d-fd09-45ef-bb8b-e348665b455e
823,Aaren,Ariella,Aaren.Ariella@yopmail.com,257cd7a4-24d8-409b-86a7-d9f2b0b30cd6
824,Elyssa,Bates,Elyssa.Bates@yopmail.com,110af2fe-0fe5-40f1-8a8d-281096027379
825,Rayna,Aprile,Rayna.Aprile@yopmail.com,409cc86c-9f58-423b-9900-320ab7c29997
826,Celisse,Deny,Celisse.Deny@yopmail.com,5f124a6a-62b8-42d6-9919-eb033124128a
827,Jeanna,Auberbach,Jeanna.Auberbach@yopmail.com,9b97e772-d2a5-4edb-8fce-28f0c85d4223
828,Mildrid,Ehrman,Mildrid.Ehrman@yopmail.com,7a35e73c-076c-413f-ba06-17404b56724a
829,Letizia,Roarke,Letizia.Roarke@yopmail.com,21edad11-d43f-4c6a-999b-0b7a41d521e0
830,Larine,Nea,Larine.Nea@yopmail.com,fd687ebc-cd6f-430d-b830-456ee8a3a6f2
831,Johna,Alfons,Johna.Alfons@yopmail.com,2ebe8262-1e44-45f8-aa55-07c5ee503ef9
832,Audrie,Shuler,Audrie.Shuler@yopmail.com,53409632-f4f5-4a4e-b403-0812f03d3d0d
833,Keelia,Judye,Keelia.Judye@yopmail.com,bbd08900-f4b7-442a-9bde-fa9a6d2434ca
834,Vita,Kimmie,Vita.Kimmie@yopmail.com,c5714adc-f0d7-4f05-964b-2ad99f31b06e
835,Ayn,Chesna,Ayn.Chesna@yopmail.com,bd4a3c47-e6d9-4ee2-9b86-a7cf8c0f4c59
836,Bibby,Yorick,Bibby.Yorick@yopmail.com,0d56aa72-5a3f-46fc-b413-271514979c48
837,Heida,Bates,Heida.Bates@yopmail.com,90bca217-043b-46e0-b527-4c35eb9c206a
838,Kathi,Alfons,Kathi.Alfons@yopmail.com,7e65d771-57ae-4bf1-b07c-def6a1eeab63
839,Roz,Brunell,Roz.Brunell@yopmail.com,33a1cc4c-63eb-4ef9-aa73-73b195caa96c
840,Karena,Armanda,Karena.Armanda@yopmail.com,8ab6088d-77b7-4449-9c92-021c7d68d01f
841,Evita,Marlie,Evita.Marlie@yopmail.com,5010b7de-07a2-410e-8ab0-67ffa26c4ee0
842,Dione,Solitta,Dione.Solitta@yopmail.com,11053d66-4e97-4422-99bc-018d197ecd3a
843,Jean,Merriott,Jean.Merriott@yopmail.com,ddb1a232-96e0-4f41-9c24-3c826ccc9478
844,Lynea,Sekofski,Lynea.Sekofski@yopmail.com,49b18212-33ac-45f7-852e-b75233aa5573
845,Tarra,Naashom,Tarra.Naashom@yopmail.com,a80ec286-4ff2-4037-90ad-8a31d425e161
846,Corly,Bibi,Corly.Bibi@yopmail.com,9b72b2f0-f274-4a95-b613-676b2078aaa8
847,Deedee,Blisse,Deedee.Blisse@yopmail.com,01c28b97-927b-4b8f-a48d-b2fd3da1106a
848,Wanda,Lutero,Wanda.Lutero@yopmail.com,f4b26ddb-0e34-452b-98f2-e3b0d25a1a8b
849,Kamilah,Masao,Kamilah.Masao@yopmail.com,c3b219e6-1796-41ca-8538-7ba0efa4c77e
850,Dacia,Nisbet,Dacia.Nisbet@yopmail.com,4b2891e7-2828-4e6a-94ae-ea95ca3087c9
851,Sharai,Simmonds,Sharai.Simmonds@yopmail.com,41e53429-dc2b-48af-ab03-ffbcbc8c55e9
852,Charissa,Zaslow,Charissa.Zaslow@yopmail.com,2dabbee1-9899-4e8a-b11e-1b49489c8694
853,Orsola,Riva,Orsola.Riva@yopmail.com,4b21e3f8-5cd8-4d19-a613-e9455f264cca
854,Leia,Hazlett,Leia.Hazlett@yopmail.com,545ddcf3-4bdb-4a25-8baf-786d785ead71
855,Hettie,Cullin,Hettie.Cullin@yopmail.com,1b6631d4-872f-407c-b03c-43dd9d750d10
856,Rivalee,McAdams,Rivalee.McAdams@yopmail.com,3e83286e-80d4-4d4e-9f8b-c5bd50d0fc1b
857,Jorry,Kiyoshi,Jorry.Kiyoshi@yopmail.com,1cf6e77d-244b-407d-909a-5b81ec89921a
858,Doro,Chauncey,Doro.Chauncey@yopmail.com,a624b562-1f9e-48c8-bb7b-a79795d46094
859,Joceline,Erlandson,Joceline.Erlandson@yopmail.com,2f434995-a93a-4c31-8919-7c3cf0ace602
860,Selia,Mott,Selia.Mott@yopmail.com,91780263-3619-4df6-94e9-7939a9d3509c
861,Leeanne,Robertson,Leeanne.Robertson@yopmail.com,bd7b608b-3b5c-488c-bb54-e5ea448d3665
862,Eve,Macey,Eve.Macey@yopmail.com,ae59470f-5284-4058-98f9-b8f2979c9f77
863,Madeleine,Ries,Madeleine.Ries@yopmail.com,5de96f57-3f3b-419e-b92f-bd19a1fbb28d
864,Hope,Bonucci,Hope.Bonucci@yopmail.com,a00c191f-3dbb-47b4-a785-8e99fc56bbf8
865,Daryl,Schonfeld,Daryl.Schonfeld@yopmail.com,2b139979-c99e-4341-ae2c-acea36821a69
866,Jeanna,Liva,Jeanna.Liva@yopmail.com,5db65e6d-a338-438b-b322-f05ac9f99ff7
867,Nannie,Gualtiero,Nannie.Gualtiero@yopmail.com,939ecf06-ef47-41f2-851a-b6f7afa8305c
868,Kristan,Francene,Kristan.Francene@yopmail.com,505fe59d-4492-42a4-8f12-fdbd12c3bc3e
869,Nyssa,Weitman,Nyssa.Weitman@yopmail.com,278284b7-5745-47e9-8718-80efc9aa8b16
870,Melanie,Vilma,Melanie.Vilma@yopmail.com,d9a4b4e2-f76e-4571-b2f1-c227dfab5e13
871,Zaria,Lory,Zaria.Lory@yopmail.com,a0191b21-d782-41ac-8d9d-4b3717130a83
872,Blondelle,Bethany,Blondelle.Bethany@yopmail.com,ef046c8e-82e2-4a81-89a8-40aae8adf4ec
873,Audrie,Haerr,Audrie.Haerr@yopmail.com,be1a7aab-7331-4432-b549-060038749289
874,Anthia,Aida,Anthia.Aida@yopmail.com,dfccdec5-d378-4b80-adcd-bb45ec1bb51c
875,Shaylyn,Primalia,Shaylyn.Primalia@yopmail.com,3b1a5e81-883c-48be-b434-c5c6f6335375
876,Gusty,Adamsen,Gusty.Adamsen@yopmail.com,458af950-3f74-48a4-b20d-a4265dbf5c2a
877,Yvonne,Amasa,Yvonne.Amasa@yopmail.com,b344cfbd-9a06-4357-9a11-c26cf4a8c397
878,Babita,Jorgan,Babita.Jorgan@yopmail.com,c0c83be1-6aaa-4ad6-950a-29832f13c504
879,Ulrike,Lewes,Ulrike.Lewes@yopmail.com,05374abc-6882-4b1f-a442-203647c96f5f
880,Sissy,Teddman,Sissy.Teddman@yopmail.com,81003b76-8706-4745-9f6a-7e07d77aac70
881,Amii,Rocray,Amii.Rocray@yopmail.com,a9eafa99-3288-4e03-ba18-14405b8a39f7
882,Babita,Ciapas,Babita.Ciapas@yopmail.com,c90e06cb-7bbe-4d3f-9360-85393f8aa1a8
883,Phedra,Fontana,Phedra.Fontana@yopmail.com,0bd4dbed-5c3c-4388-9fed-e724e2a5966d
884,Adele,Cloris,Adele.Cloris@yopmail.com,60946676-4e50-4bf7-ac77-ae8372043bad
885,Gerianna,Mandler,Gerianna.Mandler@yopmail.com,b3cea218-2b2d-4fe3-bb6a-7ec1bcc0ab4f
886,Clementine,Susannah,Clementine.Susannah@yopmail.com,994df614-5f31-4733-a02a-6dc88fc6e864
887,Nicoli,Ophelia,Nicoli.Ophelia@yopmail.com,994ee774-6b69-4139-b745-cf1b37cca5a8
888,Ivett,Bonucci,Ivett.Bonucci@yopmail.com,2b4a5fb2-bb22-445c-8760-64e8f2adb9ee
889,Ottilie,Chrystel,Ottilie.Chrystel@yopmail.com,9168ff8f-e135-4c3f-a18d-56bc6b769bf1
890,Lita,Sancho,Lita.Sancho@yopmail.com,3055f432-b5fd-4bc0-970f-a1a0dd4ca200
891,Loree,Alice,Loree.Alice@yopmail.com,4f55c684-1d7d-4b4c-82b2-dc5ad9cc9316
892,Lelah,Hedve,Lelah.Hedve@yopmail.com,dd74e533-caf1-4d14-a4a8-839e2d7e910d
893,Briney,Bendick,Briney.Bendick@yopmail.com,16261a76-3f32-470c-82b2-e8e2577b1843
894,Beatriz,Salvidor,Beatriz.Salvidor@yopmail.com,bc1958ed-016f-49b7-816c-7445765ddc5e
895,Aubrie,Tannie,Aubrie.Tannie@yopmail.com,85b5ce55-1879-4163-bd17-a8a0831c7acb
896,Brena,Colbert,Brena.Colbert@yopmail.com,26f9831b-cf8d-42d8-ba0a-ce8f357f0df5
897,Deane,Bryna,Deane.Bryna@yopmail.com,a50f6084-4750-4c6b-a8bc-55175d0d461f
898,Basia,Redmond,Basia.Redmond@yopmail.com,2040f644-5165-42cc-8739-a017a8bdcefa
899,Sidoney,Masao,Sidoney.Masao@yopmail.com,0b096d3c-9ef0-4dba-b617-5a2485a98d1a
900,Corry,Sothena,Corry.Sothena@yopmail.com,4a194f8c-59f2-4a22-a038-fe0da968b37e
901,Ekaterina,Bebe,Ekaterina.Bebe@yopmail.com,1fa58e26-ca1e-4f24-837a-737c060fc0e7
902,Corina,Behre,Corina.Behre@yopmail.com,2c87f2e2-2dcf-4021-a2f5-53d07d3e882c
903,Jan,Ralfston,Jan.Ralfston@yopmail.com,7e2293d1-7da2-4548-b040-f0b090a09301
904,Carilyn,Jarib,Carilyn.Jarib@yopmail.com,0078da95-9776-4a53-bbec-cd5ce5ee5c12
905,Romona,O'Rourke,Romona.O'Rourke@yopmail.com,7189d294-4d01-42ef-b7f2-a7c105110bfb
906,Agnese,Hoban,Agnese.Hoban@yopmail.com,328f4a77-39f8-498d-9aa5-624ce01e0b73
907,Genovera,Ajay,Genovera.Ajay@yopmail.com,b8137996-65d1-4add-b51c-a2730682e157
908,Dorthy,Felecia,Dorthy.Felecia@yopmail.com,cc017199-8243-470c-b5c0-9306e025ffd1
909,Leeanne,Sabella,Leeanne.Sabella@yopmail.com,cbfeb59f-c376-4be6-919d-d2771637d3cb
910,Nicoli,Louanna,Nicoli.Louanna@yopmail.com,4a656c60-b655-4088-a90d-e3a541d0584e
911,Dorothy,Brunell,Dorothy.Brunell@yopmail.com,7ee09624-d7bf-4c4f-86c0-4ece60f5ff9c
912,Wilma,Odysseus,Wilma.Odysseus@yopmail.com,7c30a5f9-20cd-405a-896f-1b675c70aace
913,Etta,Lasley,Etta.Lasley@yopmail.com,02ba12e8-978b-4fd8-88b3-15370eafe61d
914,Brynna,Olnee,Brynna.Olnee@yopmail.com,e73f8b47-6a29-4107-828e-10185068d7ad
915,Rori,Stephie,Rori.Stephie@yopmail.com,d5773613-ddab-4c89-9af4-bf26472da503
916,Karlee,Zenas,Karlee.Zenas@yopmail.com,b367be02-177f-4698-bca7-b1b8873c6fec
917,Tera,O'Carroll,Tera.O'Carroll@yopmail.com,b3be0808-6c92-4a8d-aeed-905361f4708d
918,Libbie,Kelula,Libbie.Kelula@yopmail.com,8fec40ac-3f1e-46a0-b9ef-36cb16fffbb4
919,Esmeralda,Riva,Esmeralda.Riva@yopmail.com,5c2f68ee-c2d2-4ce4-8cf3-c88d5c748848
920,Bobbi,Norrie,Bobbi.Norrie@yopmail.com,97edae92-ab60-4dd6-9c8e-4d12e34427ec
921,Rebeca,Schalles,Rebeca.Schalles@yopmail.com,9e6cbfca-98ed-40bc-83f8-9bb4694f60ec
922,Donnie,Thema,Donnie.Thema@yopmail.com,4c1a534f-c5ee-4a65-97d6-e1cb9292025a
923,Teddie,Means,Teddie.Means@yopmail.com,10ed994e-e284-49d2-a648-6400663a4db6
924,Maisey,Jalbert,Maisey.Jalbert@yopmail.com,5718582e-ff10-4777-8488-9bf5676bcb36
925,Aurore,Hanleigh,Aurore.Hanleigh@yopmail.com,b974d4e7-bb2b-43c1-9769-313c2ef6fac9
926,Cissiee,Margret,Cissiee.Margret@yopmail.com,f9e26e20-ce9e-4848-90e2-cb82f7f93fe6
927,Isa,Greenwald,Isa.Greenwald@yopmail.com,eca9916a-1622-4026-b3f0-76225f5ffb0a
928,Augustine,Ciro,Augustine.Ciro@yopmail.com,9a0e8417-46b3-4a2e-a9fa-abd97aa87254
929,Aimil,Ilka,Aimil.Ilka@yopmail.com,d94045ac-fb63-4afa-a967-3b244613befc
930,Stephanie,Mehalek,Stephanie.Mehalek@yopmail.com,eeb4422d-df82-4197-9bfd-f34965a5c52d
931,Ileana,Hebner,Ileana.Hebner@yopmail.com,fb6b3363-1f34-41b6-b90c-4f892db9b3fb
932,Susan,Fennessy,Susan.Fennessy@yopmail.com,a41af62e-3588-45e4-8110-80898e795369
933,Gusella,Garbe,Gusella.Garbe@yopmail.com,37fec31a-1db3-40bf-8498-a10bf869a4f8
934,Leeanne,Bethany,Leeanne.Bethany@yopmail.com,5af3a8d8-a9f5-449a-8f08-56a9deb14937
935,Jany,Jacinda,Jany.Jacinda@yopmail.com,0bdeafa4-df50-4cf6-a40e-ea7dbfd3f441
936,Claresta,Clara,Claresta.Clara@yopmail.com,ed7b0b91-526e-40e6-8c10-fb214dd2ea3f
937,Hollie,Klemperer,Hollie.Klemperer@yopmail.com,333fe725-3712-4d87-8959-aaf02557806f
938,Ardeen,Gamaliel,Ardeen.Gamaliel@yopmail.com,e7306da5-8ac2-411a-8759-c027f43585b0
939,Harmonia,Rustice,Harmonia.Rustice@yopmail.com,7856ea29-234a-45df-8cd2-6a2a1b16f393
940,Arlena,Taima,Arlena.Taima@yopmail.com,a585a4e3-2792-480f-bcff-e97675390472
941,Delilah,Sidonius,Delilah.Sidonius@yopmail.com,45eed45b-dc64-4079-a5b2-42b57189accb
942,Bettine,Roche,Bettine.Roche@yopmail.com,9913cc48-7701-4209-a382-dab5b59c91a6
943,Ayn,Hepsibah,Ayn.Hepsibah@yopmail.com,0e8fc411-d7c0-47de-94cb-acedc862b2a4
944,Daryl,Aurelio,Daryl.Aurelio@yopmail.com,8334afb9-3d94-496f-8d75-3992136c3836
945,Madeleine,Wandie,Madeleine.Wandie@yopmail.com,af88839e-2968-43cd-b741-92a4836dd4e8
946,Marleah,Bartlett,Marleah.Bartlett@yopmail.com,82f927ff-1181-4ecc-aed2-1d2f94c3d1e7
947,Charmaine,Chinua,Charmaine.Chinua@yopmail.com,597de335-926c-4d3c-b194-84e4e4e2d0eb
948,Aeriela,Ammann,Aeriela.Ammann@yopmail.com,8de9d244-c73b-4c00-987e-2075b071a534
949,Angela,Sigfrid,Angela.Sigfrid@yopmail.com,0b27d740-21f4-4bf4-82e8-899b3c8d4ff6
950,Eve,Goerke,Eve.Goerke@yopmail.com,1c71e617-0129-4dd7-a165-4b7e013ebec5
951,Alex,Kalinda,Alex.Kalinda@yopmail.com,9e80e281-e413-47cd-ae67-a5b5ef2fb335
952,Sindee,Croix,Sindee.Croix@yopmail.com,99cef3a1-cd8a-4684-a34d-32c8f133235c
953,Judy,Tufts,Judy.Tufts@yopmail.com,40b1bd75-94f5-4e8a-939d-a8c5fef2027c
954,Leanna,Tillford,Leanna.Tillford@yopmail.com,1116c5d4-8a47-4c80-a1e8-c1311adf7e03
955,Vivia,Chabot,Vivia.Chabot@yopmail.com,a2ce7037-e73a-4625-aec5-2b6bba8cde6c
956,Dulcinea,Fax,Dulcinea.Fax@yopmail.com,9f628ca0-d9bc-4c95-9ede-96a0b9a7bbba
957,Paulita,Olin,Paulita.Olin@yopmail.com,83a79d72-bae1-47d4-bf56-ae1d4f26863f
958,Lynnea,Rodmann,Lynnea.Rodmann@yopmail.com,e5b18dfc-c223-4932-8960-cbd7868d220f
959,Mamie,Natica,Mamie.Natica@yopmail.com,d13988b0-053c-4513-9999-0274dfab4d15
960,Konstance,Campball,Konstance.Campball@yopmail.com,bf904fb0-3966-479a-992d-fa5cdc05f0c2
961,Fanchon,Tybald,Fanchon.Tybald@yopmail.com,b7ef06ed-1508-40a7-8a9e-43e6f81b47d7
962,Kary,Quinn,Kary.Quinn@yopmail.com,9cc3ca83-9e5e-4b98-8efb-25dc0aa45491
963,Annaliese,Mathilde,Annaliese.Mathilde@yopmail.com,e5c8683a-5399-42c7-abb6-8f9db8e96e5e
964,Trixi,Ellord,Trixi.Ellord@yopmail.com,fec96469-58f3-45a0-988c-a79a8da0bab4
965,Marika,Ricki,Marika.Ricki@yopmail.com,cd44951a-1ba5-4836-a13f-5be0da10ae15
966,Inga,Truc,Inga.Truc@yopmail.com,470f999b-2270-4177-962a-3e79cf89f915
967,Elfreda,Artie,Elfreda.Artie@yopmail.com,c7d297b4-badc-4088-bb9e-77e9c6aac675
968,Doro,Wolfgram,Doro.Wolfgram@yopmail.com,3f3b92a0-7e33-4900-b86b-9723ef61e375
969,Albertina,Arne,Albertina.Arne@yopmail.com,1774ab28-20bf-4d6a-898a-48f4e5fecab2
970,Mignon,Sprage,Mignon.Sprage@yopmail.com,7a00cbd0-a448-4f18-aaa4-602d16890174
971,Christal,Pacorro,Christal.Pacorro@yopmail.com,8f83e4c8-290c-4be6-a757-1e84fe1bf067
972,Carol-Jean,Old,Carol-Jean.Old@yopmail.com,e66c10e1-2da9-4b70-b823-bedf940849b6
973,Charissa,Kazimir,Charissa.Kazimir@yopmail.com,598db168-2f5c-4182-8fac-0eac13caa19b
974,Angela,Wu,Angela.Wu@yopmail.com,d3be55f4-edb5-4d29-86ad-a76ad30091bf
975,Sharai,Elvyn,Sharai.Elvyn@yopmail.com,87e3655b-b289-46d8-b891-1270e490f038
976,Shirlee,Rubie,Shirlee.Rubie@yopmail.com,c09805e5-efac-4dc3-b255-c55b13e56b54
977,Roseline,Bonilla,Roseline.Bonilla@yopmail.com,0a2ed03c-d122-430f-ba7e-5ad72617d565
978,Odessa,Donell,Odessa.Donell@yopmail.com,a4315fe5-d7ce-4a0f-8cff-24aecd2c65f4
979,Eugine,Standing,Eugine.Standing@yopmail.com,5b9927d8-fd37-4e14-89f3-b87de54d2871
980,Rebeca,Douglass,Rebeca.Douglass@yopmail.com,693ee5af-8086-42f4-ba6f-8be70ca7c678
981,Millie,Willie,Millie.Willie@yopmail.com,a008b25e-e0ff-4a1e-a5c6-4076d8f149aa
982,Rosaline,Tamar,Rosaline.Tamar@yopmail.com,4e97b543-172d-4588-8f48-b6b5ba92e388
983,Millie,Randene,Millie.Randene@yopmail.com,aa2bbf48-0196-4fdc-b007-89a1dfbb5da0
984,Lynde,Ciro,Lynde.Ciro@yopmail.com,c5a60910-f95e-431a-ad7f-5ad67b31d974
985,Shannah,Adrienne,Shannah.Adrienne@yopmail.com,05ae7133-3793-4211-bac6-d54b1b615194
986,Inga,Leffen,Inga.Leffen@yopmail.com,dc206fb2-c8d1-4568-b6f1-1097f0fd8c30
987,Dyann,Suzetta,Dyann.Suzetta@yopmail.com,a0b5912f-7133-4ad2-8be4-a69f9506c0b6
988,Gretal,Narton,Gretal.Narton@yopmail.com,42fc7796-8282-412f-aca7-b0d52b9c47af
989,Althea,Thema,Althea.Thema@yopmail.com,58302458-c1d1-4af2-8886-843bd59a469f
990,Donnie,Jacqui,Donnie.Jacqui@yopmail.com,1807c121-6e53-4bf2-b8b3-e0ee42031675
991,Viki,Amasa,Viki.Amasa@yopmail.com,6b7dc4dc-716c-4447-8999-b3b5a2bbfeea
992,Zsa Zsa,Kendrick,Zsa Zsa.Kendrick@yopmail.com,898fe516-5bbd-4866-9d4b-919de7dca77f
993,Neila,Chem,Neila.Chem@yopmail.com,e41cd3f8-fcb4-4545-bd2d-0e084bb008c7
994,Molli,Weitman,Molli.Weitman@yopmail.com,11b9d2c5-d1f5-47f8-a306-10375e46a3a3
995,Tomasina,Colp,Tomasina.Colp@yopmail.com,4c5c7166-0788-4314-b56b-34de6cf10115
996,Karena,Wooster,Karena.Wooster@yopmail.com,f13aa72b-e22e-4c17-baa3-e1dfc166fabf
997,Ardys,Papageno,Ardys.Papageno@yopmail.com,667f0bda-2c6f-4a06-a603-f663ea04c7c0
998,Lynnea,Fosque,Lynnea.Fosque@yopmail.com,97cab236-fb9f-49f0-b3ab-53fcdaa902e1
999,Rivalee,Pierette,Rivalee.Pierette@yopmail.com,fe0dac68-3380-4971-b592-6fcc17cbd03e
1000,Nataline,Brotherson,Nataline.Brotherson@yopmail.com,9130f786-98e5-4ad6-9dc2-84d6e294a575
1001,Consuela,Cornelia,Consuela.Cornelia@yopmail.com,556ef642-f2ac-41d2-86b4-13f2c23015f0
1002,Quintina,Cleo,Quintina.Cleo@yopmail.com,d0cde8c6-037f-480d-9cf5-c68b2fd6a3d7
1003,Christy,Durante,Christy.Durante@yopmail.com,9093ccb2-2356-430f-a19c-5e0962434328
1004,Melina,Ethban,Melina.Ethban@yopmail.com,fc032155-683f-4d04-aebe-94ba99a93e6f
1005,Estell,Rosette,Estell.Rosette@yopmail.com,59c6d358-1668-40c8-9426-8cc3155b04a7
1006,Diena,Ochs,Diena.Ochs@yopmail.com,2defa0a2-9df6-4409-af6a-37035a7115ed
1007,Shirlee,Goldina,Shirlee.Goldina@yopmail.com,379d460a-39c6-44c1-a3e1-22507a340feb
1008,Karlee,Noman,Karlee.Noman@yopmail.com,c51c0435-44b6-4069-9a7d-6dc9df9c4ab3
1009,Minda,Cleo,Minda.Cleo@yopmail.com,b5accc42-e4f1-4387-a507-07d8d26883ed
1010,Madeleine,Sadowski,Madeleine.Sadowski@yopmail.com,f41c9699-3e97-449c-8cbc-39f6194ee5d4
1011,Nita,Wilona,Nita.Wilona@yopmail.com,da3c5b34-cebf-4b90-89ca-52ec44779e1d
1012,Jaclyn,Nikaniki,Jaclyn.Nikaniki@yopmail.com,6ae88375-45df-4b06-982e-e5ef98206f39
1013,Grier,Baylor,Grier.Baylor@yopmail.com,05452298-45a7-4dc6-b8f5-e931202e72c0
1014,Roxane,Ursulette,Roxane.Ursulette@yopmail.com,ae909ff8-9a15-4f8e-94bd-10e61031b849
1015,Dagmar,Remmer,Dagmar.Remmer@yopmail.com,51042430-ffca-446c-a905-2db8bb1e861d
1016,Nollie,Bartlett,Nollie.Bartlett@yopmail.com,2fd0dcd7-f0fb-4216-9bce-ac94af97361c
1017,Heddie,Yam,Heddie.Yam@yopmail.com,bb7b34bc-e07b-4cc5-92f2-4db3d5f0647b
1018,Ulrike,Kaete,Ulrike.Kaete@yopmail.com,35204139-221a-4061-9097-7efafa1ef86d
1019,Marnia,Gabrielli,Marnia.Gabrielli@yopmail.com,e8505928-65d8-4280-8d04-67172c839f52
1020,Gianina,Moina,Gianina.Moina@yopmail.com,ac5cf0f2-0452-434b-bc3f-0313fef1b3b2
1021,Frank,Ackerley,Frank.Ackerley@yopmail.com,fc222880-d89c-4ad4-8f88-6a32d4ac1987
1022,Maisey,Kolnick,Maisey.Kolnick@yopmail.com,36603a5d-6a2c-4452-8b2b-ab996a052f12
1023,Christy,Iiette,Christy.Iiette@yopmail.com,8a618406-c774-42fd-81dd-89575e4ae5fb
1024,Elfreda,Zrike,Elfreda.Zrike@yopmail.com,0703cd8e-d8ed-41cb-b690-5c7043048966
1025,Dorene,Sallyann,Dorene.Sallyann@yopmail.com,383b21ca-d01c-4299-ae1b-0a5c474abbe8
1026,Steffane,Kirbee,Steffane.Kirbee@yopmail.com,b809d2a8-c4d1-4704-b132-4dc7244f8f79
1027,Hettie,Selway,Hettie.Selway@yopmail.com,062dadd5-4f51-4a68-8238-4df2445f65a1
1028,Jacquetta,Romelda,Jacquetta.Romelda@yopmail.com,5fa84228-e987-49ed-9ac9-83eb181da97f
1029,Perry,Jerold,Perry.Jerold@yopmail.com,3af9198b-71cd-4705-8480-66b2b76674e3
1030,Shell,Rubie,Shell.Rubie@yopmail.com,19f0cb69-4b5d-4348-9d12-1c5643ab98e0
1031,Kathy,Masao,Kathy.Masao@yopmail.com,7c38cd20-19dc-4593-a1ad-0c9874c80c26
1032,Karena,Giule,Karena.Giule@yopmail.com,8ea02599-0e59-4eee-98ac-a3aaf1ab612b
1033,Claudina,Aprile,Claudina.Aprile@yopmail.com,a9c44d17-a643-43de-ac29-2f813b758c74
1034,Audrie,Pitt,Audrie.Pitt@yopmail.com,c6b3270c-0425-4d73-b4e3-c70998758fb1
1035,Ebonee,Markman,Ebonee.Markman@yopmail.com,7404ae8a-3d43-43b8-826e-305dd2efedf2
1036,Riannon,Rillings,Riannon.Rillings@yopmail.com,20ce6861-8fc8-48b4-a25e-8a444f66cf5d
1037,Odessa,McCutcheon,Odessa.McCutcheon@yopmail.com,fe389acd-aa8b-4076-9e6a-561a29159ad4
1038,Kamilah,Darrell,Kamilah.Darrell@yopmail.com,2c6f6b1c-8b53-4004-b665-bd9347bcce55
1039,Amalie,Birdella,Amalie.Birdella@yopmail.com,8327b85f-4516-41cb-8531-e5cb6063decb
1040,Stacey,Millda,Stacey.Millda@yopmail.com,fc01df22-a4d5-4754-982b-30f44f65d818
1041,Devina,Anyah,Devina.Anyah@yopmail.com,7e8dac3a-c7a5-4479-a0fd-cfe80aa15f45
1042,Wanda,Kress,Wanda.Kress@yopmail.com,d09c0d73-9f59-4cd8-a279-2db58c35369d
1043,Agathe,Medrek,Agathe.Medrek@yopmail.com,7d89a037-ab88-4264-807a-c81afb7684ae
1044,Chrystel,Kermit,Chrystel.Kermit@yopmail.com,d780dc98-53ba-4151-9409-5fc11a9c463b
1045,Selma,Eno,Selma.Eno@yopmail.com,d3d0f282-4498-4f2e-a53d-a5d89d9d58b3
1046,Ekaterina,Wilona,Ekaterina.Wilona@yopmail.com,c0636093-4bee-4987-9ec5-66b7397a5066
1047,Merle,Ariella,Merle.Ariella@yopmail.com,d9ef220e-9a77-4c43-9f10-fe5d481a4e7e
1048,Violet,Anastatius,Violet.Anastatius@yopmail.com,077593ef-ad1f-4710-a142-53eda31537ce
1049,Jenilee,Concha,Jenilee.Concha@yopmail.com,26c2aa60-c4bb-4e86-897d-7d6f79151669
1050,Damaris,Tice,Damaris.Tice@yopmail.com,bb183ab6-8313-480c-b915-31ce87b4c6e5
1051,Perry,Ezar,Perry.Ezar@yopmail.com,31ae5203-9373-4cb5-9e9c-496d983848de
1052,Valera,Winthorpe,Valera.Winthorpe@yopmail.com,ea9c9f32-1054-430a-9096-3ef06b6841c5
1053,Brianna,Stefa,Brianna.Stefa@yopmail.com,67833fca-b552-48d7-bb10-6bda68b5360b
1054,Rori,Jerold,Rori.Jerold@yopmail.com,f432ec4b-2141-4c11-b828-6d84290cb881
1055,Paule,Sholley,Paule.Sholley@yopmail.com,307a0880-9e3a-4e9f-b662-424cdde6b847
1056,Catharine,Wind,Catharine.Wind@yopmail.com,b5c76d57-41ce-4d23-8a3d-50aa1d74e827
1057,Gretal,Nisbet,Gretal.Nisbet@yopmail.com,34efed0e-591c-44cc-accb-ca023edc87e3
1058,Kathy,Wolfgram,Kathy.Wolfgram@yopmail.com,0ca566a3-fac6-4312-8df1-d48a92d79460
1059,Phedra,Chabot,Phedra.Chabot@yopmail.com,7ae97c11-86a4-4631-9880-8ae1b0bc1edb
1060,Ursulina,Wenda,Ursulina.Wenda@yopmail.com,df13b0a5-1795-4c23-801f-01ae987efb4e
1061,Delilah,Emmy,Delilah.Emmy@yopmail.com,1a8e8150-62fb-451e-8aaf-af7504f8a3f1
1062,Binny,Zenas,Binny.Zenas@yopmail.com,5faa10fb-99e9-4c66-9187-661cd7a05508
1063,Sophia,Barbey,Sophia.Barbey@yopmail.com,983a464a-ae4c-4116-876f-ac5213a36431
1064,Sophia,Torray,Sophia.Torray@yopmail.com,afdc39ee-62d5-4d4f-9968-e4d0ae2c1d13
1065,Angela,Oscar,Angela.Oscar@yopmail.com,cf65fcf2-7982-42a2-b3a7-4fbb37a979aa
1066,Berget,Margarete,Berget.Margarete@yopmail.com,5df51592-7e37-499e-abcc-7f03a9bbf013
1067,Clary,Isidore,Clary.Isidore@yopmail.com,b3bb3bc2-18dd-4043-9228-1f92c97c070b
1068,Brynna,Koziara,Brynna.Koziara@yopmail.com,db0371a4-c459-40e4-8808-696518d98485
1069,Hannis,Rodmann,Hannis.Rodmann@yopmail.com,224161e0-b4ed-4561-8bd9-a843ff25dc4b
1070,Joceline,Raychel,Joceline.Raychel@yopmail.com,e48ffb39-e8ce-45d8-b0a2-de1cb58c00cb
1071,Tabbatha,Lanita,Tabbatha.Lanita@yopmail.com,17ac5b08-91dc-47aa-9c0d-693d3d60d9d4
1072,Judy,Carbo,Judy.Carbo@yopmail.com,83a9e3f0-41aa-47a1-959b-699f9cc0537b
1073,Misha,Arathorn,Misha.Arathorn@yopmail.com,c4dacb55-6e8f-4593-9390-cdb91829a595
1074,Binny,Primalia,Binny.Primalia@yopmail.com,d4fb4b63-ab9d-4634-9595-6541a217f0c1
1075,Kassey,Noelyn,Kassey.Noelyn@yopmail.com,e80536be-c96c-4920-9756-88c4c7e363ad
1076,Fayre,Rozanna,Fayre.Rozanna@yopmail.com,20ca6497-5df1-4fd9-a0e2-9ac7255f7412
1077,Minne,Old,Minne.Old@yopmail.com,b16fa575-6264-459b-a420-30df0d8269ed
1078,Elfreda,McAdams,Elfreda.McAdams@yopmail.com,b6608470-d4b8-4f2f-9ade-1854f9e70ef3
1079,Ana,Bryna,Ana.Bryna@yopmail.com,1c5f980a-4d12-49e2-891b-b7c9aeb793ea
1080,Ingrid,Georas,Ingrid.Georas@yopmail.com,4980f5cb-40e0-4008-b6c9-91b8a35786be
1081,Aimil,Vanni,Aimil.Vanni@yopmail.com,592fecce-fbd5-4a5f-98ad-7ec7657f2024
1082,Gabriellia,Thornburg,Gabriellia.Thornburg@yopmail.com,853d1649-5774-416f-b9fd-366a4e435694
1083,Fayre,Honoria,Fayre.Honoria@yopmail.com,83b2bf81-3f50-4969-b3dd-d9caeba71870
1084,Iseabal,Ackerley,Iseabal.Ackerley@yopmail.com,e87fb0ff-2cf8-499d-baff-2dc0bfe58283
1085,Mallory,Tristram,Mallory.Tristram@yopmail.com,a4463a85-73fe-4755-bf3d-5b4a5a3983db
1086,Dulce,Carleen,Dulce.Carleen@yopmail.com,11c9a8f0-6643-4d15-9807-958421e09e55
1087,Marita,Terencio,Marita.Terencio@yopmail.com,7d02c3da-bb60-4cf6-9a7a-c0da1d216f6d
1088,Millie,Halla,Millie.Halla@yopmail.com,69b8f70d-cab7-42d5-bea8-88ae63e05473
1089,Maryellen,Lia,Maryellen.Lia@yopmail.com,2bde5e0a-1144-44cb-916b-cffb8eeedabf
1090,Jere,Roarke,Jere.Roarke@yopmail.com,52c29cdf-5d53-4c95-9609-ea502b3af9b7
1091,Tilly,Cleavland,Tilly.Cleavland@yopmail.com,c81abb43-4dfe-4796-8868-e3694a55a077
1092,Clementine,Fitzsimmons,Clementine.Fitzsimmons@yopmail.com,466125c8-a4b2-4f40-abd2-e515d2ac4352
1093,Tarra,Felecia,Tarra.Felecia@yopmail.com,73e28ee0-e911-4115-afb4-5128b0ed3b24
1094,Ekaterina,Malina,Ekaterina.Malina@yopmail.com,d8add9d8-66bc-44b2-9144-c27b4c51d998
1095,Krystle,Seessel,Krystle.Seessel@yopmail.com,e0ed2363-5e62-49db-acd7-9ba7be4c104e
1096,Elvira,Wenoa,Elvira.Wenoa@yopmail.com,f760dcff-d2f3-4759-b653-b787e551a4f8
1097,Gertrud,Maisey,Gertrud.Maisey@yopmail.com,b1973124-7402-4b46-ba2f-a092fb79fc43
1098,Cyndie,Jillane,Cyndie.Jillane@yopmail.com,f27cc13a-cf35-4d81-8c94-0a068bf366e9
1099,Elka,Old,Elka.Old@yopmail.com,53ae9e7c-7c2c-454f-a83e-1922415b58e0